Time,I,II,III,avR,avL,avF,V1,V2,V3,V4,V5,V6
0,15014,12393,9772,14917,12320,9943,15580,12369,10372,14712,12198,9747
1,15014,12393,9772,14917,12334,9928,15570,12373,10357,14716,12198,9747
2,15014,12393,9772,14907,12334,9933,15570,12373,10357,14712,12188,9757
3,15014,12393,9772,14902,12339,9938,15566,12373,10357,14707,12188,9757
4,15014,12398,9777,14902,12344,9933,15566,12373,10353,14702,12188,9752
5,15014,12403,9782,14897,12349,9933,15570,12369,10333,14697,12188,9752
6,15014,12408,9786,14902,12354,9923,15566,12359,10318,14697,12198,9752
7,15014,12413,9791,14902,12349,9928,15561,12349,10309,14697,12198,9752
8,15019,12403,9777,14892,12344,9943,15551,12349,10304,14697,12198,9752
9,15024,12403,9772,14897,12325,9952,15551,12344,10309,14697,12203,9757
10,15029,12403,9767,14907,12339,9933,15551,12344,10304,14697,12193,9752
11,15034,12403,9762,14921,12334,9923,15551,12344,10304,14692,12193,9752
12,15019,12403,9777,14926,12330,9923,15551,12334,10304,14692,12193,9747
13,15014,12403,9782,14902,12344,9933,15546,12334,10289,14692,12193,9747
14,15009,12403,9786,14902,12344,9928,15546,12339,10294,14702,12198,9747
15,15004,12403,9791,14907,12349,9928,15541,12339,10289,14702,12198,9747
16,15009,12403,9786,14902,12344,9928,15536,12344,10284,14702,12198,9747
17,15014,12403,9782,14917,12334,9928,15546,12354,10279,14697,12193,9743
18,15019,12403,9777,14917,12334,9928,15546,12354,10279,14697,12193,9752
19,15024,12403,9772,14912,12330,9938,15546,12354,10279,14692,12193,9752
20,15024,12413,9782,14902,12330,9943,15546,12359,10279,14692,12193,9747
21,15024,12413,9782,14902,12344,9933,15536,12359,10279,14697,12193,9747
22,15024,12413,9782,14902,12344,9933,15536,12359,10279,14707,12203,9757
23,15024,12413,9782,14882,12334,9962,15536,12359,10279,14707,12203,9762
24,15024,12403,9772,14878,12330,9972,15536,12369,10279,14707,12203,9762
25,15024,12403,9772,14882,12330,9967,15546,12373,10270,14707,12208,9762
26,15024,12403,9772,14878,12339,9962,15551,12378,10270,14697,12198,9757
27,15024,12403,9772,14878,12339,9962,15561,12398,10274,14697,12198,9752
28,15034,12393,9752,14882,12334,9962,15590,12437,10284,14692,12193,9747
29,15034,12393,9752,14887,12349,9943,15619,12481,10299,14692,12193,9743
30,15034,12393,9752,14892,12354,9933,15653,12520,10314,14697,12188,9743
31,15034,12393,9752,14892,12359,9928,15673,12535,10338,14702,12188,9743
32,15024,12398,9767,14892,12359,9928,15692,12583,10382,14702,12188,9743
33,15024,12403,9772,14897,12344,9938,15697,12632,10436,14692,12183,9743
34,15024,12408,9777,14892,12354,9933,15722,12696,10528,14702,12203,9762
35,15024,12413,9782,14892,12354,9933,15746,12793,10650,14702,12212,9767
36,15034,12413,9772,14887,12349,9943,15746,12876,10792,14692,12198,9752
37,15034,12413,9772,14878,12344,9957,15722,12940,10933,14682,12188,9743
38,15034,12413,9772,14878,12339,9962,15649,12905,11016,14682,12188,9743
39,15034,12413,9772,14868,12349,9962,15497,12759,11036,14682,12188,9743
40,15024,12403,9772,14868,12349,9962,15341,12569,11016,14682,12188,9743
41,15024,12403,9772,14858,12349,9972,15258,12456,11026,14687,12198,9752
42,15024,12403,9772,14858,12349,9972,15180,12330,11016,14692,12198,9752
43,15024,12403,9772,14848,12369,9967,15053,12154,10924,14692,12198,9752
44,15039,12403,9757,14843,12364,9972,14946,12017,10826,14697,12198,9752
45,15043,12403,9752,14853,12359,9967,14882,11934,10719,14687,12188,9743
46,15048,12403,9747,14858,12364,9962,14829,11803,10533,14687,12188,9743
47,15053,12403,9743,14858,12369,9952,14799,11676,10265,14687,12188,9743
48,15039,12417,9772,14858,12373,9948,14814,11593,10016,14687,12188,9743
49,15034,12422,9782,14858,12373,9948,14814,11524,9816,14697,12193,9752
50,15029,12427,9791,14853,12388,9943,14795,11451,9650,14692,12193,9752
51,15024,12432,9801,14848,12393,9938,14819,11456,9582,14692,12198,9752
52,15034,12422,9782,14848,12393,9938,14882,11563,9630,14697,12198,9757
53,15034,12413,9772,14838,12373,9972,14951,11676,9689,14687,12198,9747
54,15034,12403,9762,14834,12369,9982,15014,11768,9757,14692,12198,9747
55,15034,12393,9752,14829,12364,9991,15078,11861,9816,14692,12198,9747
56,15043,12403,9752,14819,12369,9991,15122,11915,9855,14692,12198,9747
57,15043,12413,9762,14819,12383,9977,15146,11964,9884,14692,12198,9747
58,15043,12422,9772,14824,12388,9967,15214,12037,9928,14692,12198,9747
59,15043,12432,9782,14824,12393,9957,15297,12129,9982,14692,12198,9747
60,15053,12427,9767,14824,12408,9943,15341,12212,10030,14692,12203,9747
61,15053,12422,9762,14819,12408,9952,15385,12281,10079,14697,12212,9752
62,15053,12417,9757,14814,12408,9957,15429,12339,10118,14702,12212,9757
63,15053,12413,9752,14814,12403,9962,15444,12359,10133,14707,12212,9762
64,15043,12417,9767,14814,12393,9972,15453,12369,10148,14721,12217,9777
65,15043,12422,9772,14809,12388,9987,15483,12388,10172,14712,12222,9772
66,15043,12427,9777,14799,12398,9977,15497,12398,10196,14716,12222,9772
67,15043,12432,9782,14799,12398,9977,15492,12388,10192,14716,12222,9772
68,15053,12422,9762,14799,12398,9977,15492,12393,10187,14716,12222,9772
69,15053,12413,9752,14795,12393,9991,15492,12403,10192,14721,12232,9772
70,15053,12403,9743,14790,12393,9996,15497,12413,10187,14721,12237,9777
71,15053,12393,9733,14795,12388,10001,15502,12408,10182,14736,12247,9786
72,15043,12408,9757,14790,12383,10006,15502,12408,10177,14736,12247,9786
73,15043,12413,9762,14795,12378,10006,15497,12403,10167,14736,12247,9786
74,15043,12417,9767,14790,12383,10006,15483,12403,10162,14736,12237,9782
75,15043,12422,9772,14790,12383,10006,15488,12413,10157,14726,12232,9777
76,15053,12413,9752,14790,12383,10011,15492,12408,10152,14726,12232,9777
77,15053,12413,9752,14790,12383,10006,15497,12408,10152,14716,12232,9767
78,15053,12413,9752,14804,12383,9991,15502,12408,10152,14707,12227,9767
79,15053,12413,9752,14809,12383,9987,15517,12422,10157,14707,12227,9772
80,15048,12413,9757,14814,12378,9987,15517,12432,10157,14707,12227,9772
81,15043,12413,9762,14819,12369,9996,15517,12437,10157,14702,12227,9762
82,15039,12413,9767,14824,12359,10001,15517,12442,10157,14702,12227,9762
83,15034,12413,9772,14824,12354,10001,15507,12432,10148,14707,12242,9772
84,15034,12403,9762,14843,12349,9991,15502,12422,10138,14707,12242,9772
85,15034,12403,9762,14834,12339,10006,15497,12422,10138,14707,12232,9772
86,15034,12403,9762,14824,12339,10016,15497,12427,10138,14707,12232,9772
87,15034,12403,9762,14829,12344,10006,15492,12427,10148,14707,12227,9772
88,15039,12403,9757,14834,12330,10016,15492,12427,10148,14707,12227,9772
89,15043,12403,9752,14838,12315,10030,15502,12432,10148,14721,12242,9786
90,15048,12403,9747,14848,12310,10021,15512,12437,10148,14721,12242,9786
91,15053,12403,9743,14858,12310,10011,15512,12447,10148,14721,12242,9782
92,15053,12408,9747,14868,12310,10001,15512,12452,10148,14721,12232,9782
93,15053,12413,9752,14873,12315,9991,15512,12456,10162,14712,12232,9772
94,15053,12417,9757,14878,12300,10001,15507,12456,10162,14712,12232,9782
95,15053,12422,9762,14892,12291,9996,15507,12452,10143,14702,12227,9772
96,15053,12422,9762,14887,12300,9987,15507,12447,10138,14702,12227,9772
97,15053,12422,9762,14887,12300,9991,15507,12442,10138,14712,12227,9772
98,15053,12422,9762,14902,12286,9991,15507,12442,10138,14721,12232,9782
99,15053,12422,9762,14887,12271,10016,15507,12442,10128,14721,12237,9782
100,15043,12413,9762,14878,12276,10021,15507,12442,10128,14731,12237,9782
101,15043,12413,9762,14887,12300,9991,15507,12452,10133,14721,12232,9777
102,15043,12413,9762,14897,12305,9977,15512,12456,10138,14721,12227,9777
103,15043,12413,9762,14902,12305,9972,15522,12466,10138,14721,12227,9777
104,15034,12403,9762,14902,12310,9967,15522,12466,10133,14716,12227,9772
105,15034,12403,9762,14907,12286,9987,15517,12466,10133,14707,12232,9772
106,15034,12403,9762,14912,12281,9987,15517,12466,10133,14707,12232,9772
107,15034,12403,9762,14921,12291,9967,15517,12466,10123,14707,12232,9767
108,15043,12393,9743,14931,12291,9957,15517,12461,10123,14707,12227,9767
109,15043,12393,9743,14931,12281,9967,15522,12461,10133,14707,12227,9762
110,15043,12393,9743,14921,12281,9977,15522,12476,10138,14702,12227,9762
111,15043,12393,9743,14917,12276,9987,15517,12466,10128,14697,12222,9762
112,15043,12403,9752,14917,12266,9996,15517,12471,10128,14692,12217,9762
113,15043,12403,9752,14917,12266,9996,15517,12471,10128,14677,12203,9752
114,15043,12403,9752,14912,12276,9991,15512,12471,10128,14677,12203,9752
115,15043,12403,9752,14912,12276,9991,15507,12481,10133,14677,12203,9752
116,15043,12403,9752,14917,12271,9987,15507,12481,10138,14677,12203,9743
117,15043,12403,9752,14921,12291,9967,15507,12481,10143,14692,12208,9752
118,15043,12403,9752,14921,12291,9967,15507,12491,10152,14697,12212,9762
119,15043,12403,9752,14921,12291,9962,15492,12486,10148,14697,12212,9762
120,15053,12413,9752,14921,12315,9943,15488,12486,10148,14697,12212,9762
121,15053,12413,9752,14926,12295,9952,15483,12486,10143,14692,12212,9757
122,15053,12413,9752,14921,12286,9972,15483,12495,10138,14682,12212,9747
123,15053,12413,9752,14921,12276,9977,15488,12505,10152,14677,12212,9743
124,15048,12413,9757,14931,12281,9967,15492,12510,10157,14677,12212,9738
125,15043,12413,9762,14936,12261,9982,15492,12510,10162,14677,12203,9747
126,15039,12413,9767,14926,12276,9977,15497,12505,10167,14682,12203,9743
127,15034,12413,9772,14926,12281,9972,15483,12495,10148,14682,12203,9743
128,15039,12403,9757,14921,12286,9972,15488,12505,10157,14682,12193,9743
129,15043,12403,9752,14921,12281,9977,15488,12515,10177,14682,12203,9747
130,15048,12403,9747,14912,12286,9982,15483,12520,10177,14687,12208,9738
131,15053,12403,9743,14926,12281,9972,15483,12520,10182,14707,12217,9747
132,15053,12403,9743,14931,12286,9962,15483,12525,10182,14721,12222,9743
133,15053,12403,9743,14926,12281,9972,15492,12530,10192,14716,12203,9723
134,15053,12403,9743,14926,12271,9982,15492,12535,10196,14721,12203,9728
135,15053,12403,9743,14926,12271,9982,15488,12544,10192,14775,12251,9767
136,15043,12393,9743,14921,12276,9977,15488,12554,10187,14848,12305,9811
137,15034,12393,9752,14931,12286,9962,15488,12554,10192,14907,12359,9855
138,15024,12393,9762,14936,12276,9967,15483,12559,10187,14980,12427,9904
139,15014,12393,9772,14936,12276,9967,15483,12564,10187,15068,12520,9967
140,15019,12393,9767,14931,12286,9962,15478,12569,10192,15214,12652,10074
141,15024,12393,9762,14931,12286,9957,15478,12569,10192,15366,12808,10211
142,15029,12393,9757,14931,12281,9967,15473,12583,10201,15488,12949,10333
143,15034,12393,9752,14931,12281,9967,15463,12588,10201,15561,13042,10431
144,15043,12393,9743,14936,12276,9962,15463,12583,10201,15605,13096,10489
145,15043,12393,9743,14936,12281,9962,15463,12588,10201,15585,13086,10479
146,15043,12393,9743,14931,12276,9972,15468,12593,10201,15527,13047,10450
147,15043,12393,9743,14926,12281,9967,15468,12598,10221,15448,12983,10411
148,15043,12398,9747,14926,12281,9967,15483,12608,10226,15331,12901,10348
149,15043,12403,9752,14921,12271,9987,15483,12627,10235,15165,12779,10250
150,15043,12408,9757,14921,12266,9991,15483,12637,10240,14941,12588,10113
151,15043,12413,9762,14926,12271,9982,15473,12637,10240,14687,12373,9957
152,15043,12393,9743,14917,12256,10001,15468,12642,10245,14492,12193,9826
153,15043,12383,9733,14926,12251,9996,15468,12657,10260,14380,12090,9757
154,15043,12373,9723,14931,12256,9987,15463,12666,10270,14331,12056,9743
155,15048,12373,9718,14931,12256,9987,15458,12666,10260,14346,12047,9733
156,15043,12383,9733,14926,12256,9996,15458,12671,10270,14346,12027,9704
157,15039,12383,9738,14912,12271,9996,15453,12671,10274,14355,12017,9684
158,15039,12383,9738,14921,12261,9991,15453,12676,10274,14370,12027,9679
159,15034,12378,9738,14926,12266,9982,15458,12700,10289,14385,12047,9679
160,15039,12373,9728,14917,12261,10001,15463,12720,10309,14409,12047,9660
161,15039,12373,9728,14912,12276,9991,15468,12735,10318,14424,12056,9650
162,15039,12388,9743,14936,12271,9972,15473,12759,10328,14482,12086,9669
163,15039,12388,9743,14936,12291,9948,15463,12759,10323,14555,12125,9704
164,15039,12398,9752,14926,12281,9967,15458,12754,10323,14609,12154,9718
165,15039,12398,9752,14921,12291,9967,15453,12759,10328,14638,12159,9728
166,15034,12398,9757,14917,12286,9972,15453,12764,10333,14658,12173,9747
167,15034,12393,9752,14907,12291,9982,15463,12779,10343,14663,12188,9757
168,15043,12393,9743,14912,12266,9996,15458,12793,10353,14658,12188,9752
169,15043,12398,9747,14931,12251,9996,15458,12808,10357,14663,12198,9757
170,15034,12403,9762,14931,12266,9982,15458,12822,10367,14687,12222,9767
171,15043,12417,9767,14936,12271,9972,15444,12827,10377,14677,12212,9762
172,15053,12427,9767,14946,12271,9962,15444,12837,10382,14677,12212,9762
173,15053,12417,9757,14936,12276,9962,15444,12842,10382,14682,12212,9757
174,15058,12408,9743,14931,12281,9967,15444,12847,10382,14682,12212,9752
175,15058,12408,9743,14931,12276,9972,15429,12852,10392,14692,12203,9757
176,15048,12422,9767,14931,12276,9972,15424,12852,10392,14692,12203,9752
177,15048,12417,9762,14926,12276,9977,15414,12847,10396,14692,12198,9752
178,15048,12417,9762,14926,12276,9977,15409,12847,10401,14697,12198,9757
179,15048,12422,9767,14921,12276,9977,15400,12852,10396,14687,12203,9747
180,15039,12408,9762,14917,12286,9972,15395,12852,10411,14687,12203,9752
181,15039,12403,9757,14926,12286,9967,15390,12852,10411,14687,12198,9752
182,15053,12398,9738,14926,12281,9967,15385,12852,10411,14692,12198,9757
183,15053,12388,9728,14926,12281,9967,15380,12857,10416,14707,12217,9772
184,15058,12408,9743,14917,12281,9982,15375,12857,10416,14707,12217,9772
185,15063,12417,9747,14926,12266,9982,15366,12857,10411,14702,12212,9762
186,15068,12427,9752,14926,12266,9982,15361,12861,10411,14702,12212,9762
187,15073,12417,9738,14926,12266,9982,15346,12857,10411,14702,12203,9772
188,15068,12422,9747,14936,12261,9982,15341,12852,10411,14692,12198,9767
189,15063,12427,9757,14926,12261,9991,15341,12842,10406,14692,12198,9767
190,15058,12413,9747,14917,12266,9996,15341,12837,10396,14702,12203,9772
191,15058,12408,9743,14917,12271,9991,15331,12837,10392,14692,12203,9762
192,15063,12437,9767,14921,12281,9977,15331,12837,10387,14692,12203,9762
193,15063,12437,9767,14931,12276,9972,15331,12827,10387,14702,12208,9762
194,15068,12442,9767,14921,12271,9987,15326,12813,10382,14702,12208,9762
195,15073,12442,9762,14921,12271,9987,15341,12818,10382,14702,12208,9772
196,15073,12442,9762,14921,12271,9987,15346,12818,10387,14702,12208,9777
197,15073,12442,9762,14921,12271,9987,15351,12808,10382,14716,12217,9786
198,15092,12447,9747,14926,12271,9982,15356,12788,10377,14716,12217,9796
199,15092,12447,9747,14936,12281,9962,15346,12779,10362,14707,12212,9786
200,15073,12442,9762,14936,12286,9957,15356,12764,10353,14707,12212,9782
201,15073,12432,9752,14936,12276,9962,15356,12749,10328,14712,12212,9782
202,15068,12408,9733,14936,12276,9967,15356,12730,10304,14712,12212,9782
203,15063,12408,9738,14921,12276,9977,15356,12705,10284,14712,12222,9782
204,15058,12432,9767,14926,12266,9987,15361,12681,10270,14716,12222,9786
205,15058,12427,9762,14931,12286,9962,15361,12661,10260,14716,12222,9786
206,15053,12422,9762,14926,12291,9962,15361,12642,10245,14716,12227,9786
207,15048,12427,9772,14921,12281,9977,15361,12627,10240,14707,12227,9786
208,15058,12447,9782,14921,12276,9977,15361,12617,10226,14707,12222,9786
209,15063,12447,9777,14931,12271,9977,15361,12608,10211,14707,12217,9786
210,15058,12427,9762,14926,12276,9977,15366,12593,10196,14707,12212,9786
211,15063,12427,9757,14936,12281,9962,15366,12583,10172,14716,12227,9791
212,15063,12422,9752,14936,12281,9962,15366,12559,10152,14716,12227,9791
213,15048,12417,9762,14931,12276,9972,15361,12544,10133,14716,12227,9796
214,15043,12413,9762,14931,12276,9972,15361,12530,10123,14721,12227,9796
215,15039,12403,9757,14931,12276,9972,15351,12505,10099,14712,12237,9796
216,15039,12408,9762,14931,12276,9972,15351,12495,10089,14712,12232,9796
217,15039,12408,9762,14926,12286,9967,15351,12481,10084,14716,12232,9796
218,15043,12413,9762,14936,12276,9962,15341,12461,10065,14716,12232,9796
219,15043,12413,9762,14936,12276,9962,15351,12461,10050,14721,12222,9796
220,15043,12417,9767,14936,12281,9962,15351,12456,10050,14721,12222,9796
221,15039,12417,9772,14936,12271,9972,15351,12447,10040,14721,12227,9796
222,15039,12417,9772,14931,12271,9972,15351,12437,10026,14721,12232,9801
223,15039,12417,9772,14931,12271,9972,15341,12432,10021,14736,12232,9811
224,15043,12388,9738,14941,12281,9957,15331,12413,10011,14736,12232,9806
225,15043,12378,9728,14936,12276,9967,15341,12413,9996,14731,12227,9806
226,15039,12388,9743,14926,12266,9982,15341,12413,9996,14731,12227,9806
227,15039,12388,9743,14926,12266,9987,15336,12403,9987,14726,12232,9806
228,15029,12383,9747,14926,12266,9987,15331,12398,9987,14731,12227,9811
229,15024,12388,9757,14931,12271,9977,15322,12393,9967,14726,12222,9801
230,15024,12383,9752,14931,12271,9972,15312,12388,9957,14716,12217,9786
231,15024,12359,9728,14931,12271,9972,15317,12388,9967,14721,12222,9791
232,15034,12369,9728,14931,12276,9972,15326,12393,9972,14726,12227,9796
233,15034,12369,9728,14926,12276,9977,15331,12393,9977,14741,12237,9801
234,15034,12369,9728,14926,12276,9977,15331,12398,9972,14746,12242,9806
235,15034,12383,9743,14926,12271,9982,15322,12393,9967,14741,12232,9811
236,15024,12393,9762,14921,12271,9987,15322,12388,9962,14736,12232,9811
237,15019,12373,9747,14936,12261,9982,15322,12388,9957,14736,12237,9821
238,15019,12373,9747,14936,12261,9977,15326,12388,9962,14731,12237,9821
239,15019,12388,9762,14936,12261,9977,15326,12398,9957,14741,12237,9816
240,15043,12388,9738,14951,12276,9952,15326,12398,9957,14746,12242,9816
241,15043,12388,9738,14951,12271,9957,15326,12393,9957,14751,12242,9816
242,15009,12373,9757,14941,12281,9957,15331,12393,9952,14751,12242,9816
243,14990,12373,9777,14921,12295,9962,15331,12393,9948,14760,12256,9816
244,15019,12403,9777,14926,12286,9967,15336,12393,9938,14760,12256,9816
245,15039,12388,9743,14936,12261,9977,15341,12403,9948,14760,12256,9816
246,15009,12359,9743,14931,12271,9972,15351,12403,9948,14770,12266,9830
247,14995,12393,9791,14926,12286,9967,15331,12398,9957,14765,12266,9840
248,14985,12447,9855,14926,12286,9967,15326,12398,9962,14765,12266,9830
249,14985,12466,9874,14936,12281,9962,15326,12403,9967,14765,12266,9830
250,15014,12500,9879,14936,12281,9962,15326,12403,9972,14770,12276,9840
251,15048,12549,9894,14941,12266,9967,15317,12403,9967,14775,12271,9850
252,15058,12588,9923,14946,12271,9957,15317,12403,9962,14780,12271,9850
253,15073,12622,9943,14931,12261,9987,15326,12408,9962,14785,12281,9850
254,15151,12710,9952,14941,12286,9952,15326,12408,9962,14790,12281,9855
255,15200,12842,10035,14936,12286,9957,15322,12398,9957,14785,12276,9845
256,15214,12959,10138,14936,12281,9962,15322,12408,9957,14785,12281,9855
257,15244,13042,10192,14931,12281,9967,15322,12408,9957,14790,12286,9860
258,15268,13047,10172,14931,12276,9972,15322,12413,9957,14795,12291,9860
259,15234,12998,10157,14941,12271,9967,15312,12413,9957,14804,12300,9865
260,15229,12988,10152,14931,12271,9972,15312,12408,9957,14814,12300,9869
261,15292,12949,10050,14931,12271,9972,15312,12408,9957,14819,12305,9874
262,15307,12813,9899,14931,12271,9972,15317,12422,9957,14824,12310,9889
263,15287,12671,9777,14931,12291,9957,15322,12422,9967,14819,12315,9889
264,15287,12530,9635,14931,12295,9952,15322,12422,9962,14824,12320,9889
265,15263,12413,9542,14936,12291,9948,15326,12422,9962,14824,12320,9884
266,15195,12359,9557,14936,12291,9948,15326,12422,9962,14824,12325,9879
267,15156,12295,9533,14931,12271,9977,15312,12413,9957,14838,12334,9889
268,15161,12232,9464,14931,12271,9977,15312,12413,9962,14838,12339,9894
269,15146,12237,9484,14931,12271,9977,15317,12422,9967,14843,12339,9904
270,15136,12232,9489,14931,12271,9977,15317,12422,9972,14848,12344,9908
271,15151,12203,9445,14936,12271,9972,15302,12422,9967,14853,12354,9913
272,15126,12208,9474,14941,12271,9967,15302,12422,9967,14858,12359,9923
273,15068,12208,9533,14941,12271,9967,15307,12422,9967,14863,12364,9933
274,15073,12203,9523,14936,12271,9972,15312,12422,9972,14868,12378,9938
275,15082,12222,9533,14931,12256,9987,15322,12432,9982,14873,12383,9952
276,15073,12261,9582,14917,12266,9996,15322,12432,9982,14873,12388,9952
277,15082,12291,9601,14912,12266,10001,15322,12432,9977,14868,12393,9952
278,15092,12286,9586,14912,12276,9991,15312,12427,9962,14868,12398,9957
279,15053,12291,9630,14926,12281,9972,15302,12422,9952,14873,12413,9962
280,15053,12295,9635,14926,12281,9972,15307,12427,9967,14878,12413,9967
281,15087,12315,9621,14921,12276,9982,15307,12422,9967,14882,12417,9977
282,15068,12330,9655,14926,12281,9972,15307,12413,9957,14887,12427,9987
283,15029,12383,9747,14926,12295,9952,15297,12422,9967,14897,12427,9987
284,15039,12373,9728,14926,12295,9952,15297,12422,9962,14897,12432,9991
285,15053,12369,9708,14926,12295,9957,15297,12408,9952,14907,12437,9996
286,15048,12369,9713,14921,12291,9962,15292,12408,9962,14907,12442,10001
287,15043,12369,9718,14912,12291,9977,15283,12408,9952,14897,12442,10001
288,15029,12378,9743,14912,12291,9977,15283,12408,9952,14902,12437,9996
289,15019,12378,9752,14912,12291,9977,15287,12408,9952,14902,12432,9991
290,15014,12383,9762,14912,12291,9977,15287,12408,9948,14902,12437,9987
291,15014,12383,9762,14907,12295,9977,15278,12398,9943,14912,12442,10001
292,15019,12373,9747,14912,12305,9962,15278,12393,9933,14917,12452,10006
293,15024,12373,9743,14907,12295,9977,15278,12388,9918,14917,12461,10011
294,15029,12388,9752,14897,12291,9991,15283,12378,9913,14917,12466,10016
295,15034,12364,9723,14907,12300,9972,15283,12383,9923,14907,12452,10011
296,15034,12369,9728,14907,12305,9967,15283,12388,9928,14907,12447,10011
297,15034,12378,9738,14897,12295,9987,15283,12393,9933,14907,12442,10006
298,15043,12388,9738,14897,12291,9991,15278,12383,9918,14902,12437,10001
299,15043,12393,9743,14902,12281,9996,15268,12373,9913,14897,12432,10001
300,15034,12378,9738,14907,12281,9991,15268,12373,9913,14892,12432,10001
301,15029,12388,9752,14907,12286,9987,15258,12369,9894,14887,12427,9996
302,15024,12383,9752,14912,12286,9982,15258,12369,9894,14873,12417,9987
303,15009,12373,9757,14897,12300,9982,15263,12359,9908,14868,12413,9977
304,15014,12383,9762,14892,12300,9987,15263,12359,9908,14868,12413,9972
305,15024,12393,9762,14892,12286,10001,15258,12354,9899,14858,12403,9967
306,15029,12383,9747,14892,12281,10006,15258,12354,9899,14858,12398,9962
307,15039,12383,9738,14892,12291,9991,15253,12364,9908,14838,12373,9948
308,15029,12393,9757,14882,12291,10006,15253,12354,9908,14834,12364,9938
309,15029,12393,9757,14873,12291,10016,15253,12349,9908,14829,12359,9933
310,15024,12393,9762,14868,12310,10001,15253,12349,9904,14814,12339,9923
311,15024,12393,9762,14878,12315,9987,15253,12359,9913,14799,12339,9913
312,15024,12398,9767,14887,12315,9977,15253,12354,9908,14795,12330,9904
313,15024,12398,9767,14887,12315,9977,15253,12354,9899,14790,12320,9894
314,15029,12398,9762,14892,12315,9972,15258,12354,9899,14785,12305,9894
315,15034,12403,9762,14907,12310,9962,15258,12354,9908,14765,12295,9894
316,15034,12398,9757,14902,12310,9967,15258,12354,9904,14756,12286,9884
317,15034,12393,9752,14902,12305,9972,15248,12354,9904,14751,12276,9874
318,15034,12388,9747,14907,12291,9982,15248,12349,9904,14736,12261,9860
319,15034,12383,9743,14917,12281,9982,15239,12334,9899,14726,12261,9865
320,15024,12373,9743,14921,12276,9977,15239,12334,9889,14716,12266,9865
321,15029,12373,9738,14926,12281,9972,15239,12334,9889,14707,12261,9865
322,15029,12388,9752,14926,12281,9972,15239,12334,9884,14692,12256,9855
323,15014,12388,9767,14926,12271,9982,15239,12334,9894,14697,12261,9840
324,15019,12388,9762,14926,12271,9982,15239,12325,9894,14697,12256,9840
325,15034,12388,9747,14926,12276,9977,15244,12325,9889,14692,12251,9840
326,15039,12378,9733,14931,12271,9977,15244,12330,9884,14687,12237,9835
327,15043,12369,9718,14917,12271,9987,15234,12330,9889,14663,12227,9821
328,15043,12383,9733,14912,12281,9987,15234,12330,9889,14663,12222,9821
329,15043,12383,9733,14912,12300,9967,15234,12330,9889,14663,12222,9826
330,15034,12383,9743,14907,12315,9957,15234,12325,9879,14668,12217,9826
331,15034,12383,9743,14917,12305,9957,15239,12310,9869,14658,12212,9826
332,15039,12398,9752,14921,12305,9952,15239,12310,9874,14658,12208,9821
333,15039,12403,9757,14926,12300,9952,15239,12315,9879,14643,12208,9811
334,15034,12413,9772,14926,12291,9962,15234,12315,9874,14638,12203,9806
335,15034,12393,9752,14926,12286,9967,15234,12305,9874,14638,12198,9806
336,15019,12373,9747,14931,12295,9952,15234,12305,9874,14634,12188,9806
337,15019,12383,9757,14931,12291,9957,15234,12305,9874,14629,12183,9806
338,15019,12388,9762,14926,12291,9962,15234,12305,9874,14629,12183,9806
339,15019,12388,9762,14921,12295,9962,15234,12315,9884,14629,12188,9806
340,15024,12383,9752,14912,12286,9982,15234,12305,9874,14629,12188,9801
341,15024,12369,9738,14907,12286,9987,15229,12305,9874,14624,12188,9801
342,15024,12369,9738,14917,12286,9972,15229,12315,9874,14624,12188,9811
343,15024,12378,9747,14926,12281,9967,15229,12305,9874,14624,12188,9811
344,15034,12403,9762,14926,12281,9972,15229,12300,9869,14624,12188,9806
345,15043,12393,9743,14931,12295,9952,15229,12300,9869,14624,12188,9806
346,15034,12383,9743,14936,12300,9943,15229,12300,9869,14624,12188,9806
347,15034,12393,9752,14921,12291,9962,15229,12310,9879,14614,12173,9796
348,15048,12408,9752,14926,12295,9952,15229,12305,9869,14609,12169,9791
349,15048,12393,9738,14936,12305,9933,15229,12305,9869,14609,12169,9786
350,15048,12378,9723,14907,12291,9982,15234,12305,9865,14604,12164,9782
351,15048,12373,9718,14902,12271,10006,15239,12305,9865,14614,12169,9786
352,15043,12378,9728,14936,12251,9991,15239,12305,9865,14609,12164,9786
353,15043,12383,9733,14912,12247,10021,15234,12305,9865,14609,12164,9786
354,15043,12398,9747,14878,12227,10074,15234,12305,9869,14619,12164,9791
355,15048,12413,9757,14897,12227,10055,15224,12300,9865,14609,12169,9801
356,15048,12398,9743,14873,12242,10060,15224,12295,9860,14609,12169,9801
357,15048,12388,9733,14814,12266,10099,15224,12295,9850,14609,12173,9801
358,15053,12408,9747,14790,12281,10113,15229,12291,9845,14609,12178,9806
359,15053,12408,9747,14736,12256,10192,15219,12291,9845,14609,12178,9806
360,15053,12398,9738,14638,12217,10323,15214,12291,9845,14609,12178,9806
361,15063,12403,9733,14580,12208,10392,15214,12276,9835,14609,12178,9806
362,15063,12408,9738,14546,12178,10455,15214,12276,9835,14609,12178,9801
363,15053,12408,9747,14502,12169,10509,15204,12291,9850,14599,12169,9796
364,15063,12413,9743,14477,12193,10509,15204,12291,9855,14599,12169,9791
365,15063,12413,9743,14482,12222,10475,15204,12291,9855,14609,12169,9786
366,15063,12417,9747,14512,12271,10396,15204,12286,9845,14609,12169,9782
367,15063,12427,9757,14541,12310,10328,15234,12305,9850,14604,12159,9791
368,15058,12422,9757,14599,12339,10245,15224,12300,9850,14599,12159,9791
369,15063,12413,9743,14677,12388,10113,15204,12291,9845,14599,12164,9791
370,15058,12403,9738,14760,12476,9943,15204,12291,9855,14594,12169,9791
371,15053,12403,9743,14858,12500,9821,15219,12315,9869,14599,12169,9801
372,15058,12398,9733,14902,12461,9816,15214,12300,9865,14599,12169,9801
373,15063,12403,9733,14882,12461,9830,15209,12295,9860,14599,12169,9801
374,15078,12408,9723,14882,12500,9796,15204,12291,9855,14599,12169,9801
375,15082,12408,9718,14921,12476,9782,15200,12286,9850,14585,12169,9791
376,15082,12417,9728,14951,12427,9796,15209,12286,9850,14580,12169,9791
377,15082,12422,9733,14965,12452,9762,15209,12281,9850,14580,12169,9791
378,15102,12432,9723,14995,12481,9704,15209,12281,9850,14585,12169,9791
379,15102,12442,9733,14975,12452,9747,15204,12276,9850,14590,12159,9791
380,15092,12447,9747,14936,12427,9811,15195,12266,9840,14590,12159,9791
381,15092,12447,9747,14956,12432,9786,15200,12266,9840,14590,12159,9791
382,15097,12447,9743,14985,12403,9786,15200,12276,9840,14590,12159,9786
383,15097,12447,9743,14975,12408,9796,15200,12276,9840,14585,12159,9777
384,15107,12447,9733,14941,12403,9830,15200,12281,9850,14590,12159,9782
385,15122,12447,9718,14917,12364,9899,15200,12281,9845,14590,12159,9782
386,15126,12447,9713,14907,12334,9933,15200,12281,9845,14590,12159,9782
387,15126,12447,9713,14917,12344,9923,15200,12281,9845,14585,12149,9777
388,15122,12452,9723,14907,12320,9948,15209,12291,9860,14575,12149,9772
389,15122,12456,9728,14902,12334,9943,15214,12291,9860,14565,12149,9767
390,15122,12461,9733,14897,12349,9933,15214,12291,9860,14560,12149,9762
391,15131,12461,9723,14902,12339,9938,15219,12291,9860,14575,12159,9777
392,15131,12471,9733,14907,12330,9943,15219,12286,9855,14580,12159,9782
393,15131,12471,9733,14912,12330,9938,15219,12286,9855,14580,12159,9782
394,15136,12476,9733,14917,12330,9933,15219,12281,9855,14580,12159,9786
395,15146,12476,9723,14917,12330,9933,15224,12276,9860,14565,12149,9777
396,15141,12471,9723,14917,12334,9928,15224,12286,9869,14555,12149,9777
397,15141,12471,9723,14912,12334,9933,15224,12286,9869,14551,12149,9777
398,15141,12471,9723,14907,12325,9948,15224,12286,9869,14541,12144,9772
399,15131,12471,9733,14892,12310,9977,15229,12295,9874,14546,12154,9762
400,15151,12486,9728,14897,12315,9967,15219,12291,9874,14551,12154,9762
401,15165,12486,9713,14907,12330,9943,15229,12300,9879,14551,12154,9762
402,15165,12486,9713,14907,12330,9943,15229,12305,9889,14555,12154,9762
403,15165,12486,9713,14902,12339,9938,15234,12305,9889,14555,12154,9772
404,15170,12481,9704,14907,12339,9933,15224,12300,9879,14551,12149,9772
405,15175,12486,9704,14912,12325,9938,15224,12305,9889,14551,12149,9772
406,15175,12486,9704,14907,12320,9952,15234,12315,9899,14551,12149,9772
407,15180,12491,9704,14907,12320,9952,15239,12320,9899,14536,12134,9762
408,15185,12476,9684,14912,12310,9952,15248,12330,9908,14531,12134,9757
409,15190,12471,9674,14917,12300,9957,15239,12325,9908,14526,12129,9757
410,15190,12466,9669,14912,12300,9967,15224,12320,9899,14521,12129,9762
411,15190,12466,9669,14917,12305,9957,15219,12315,9894,14531,12129,9772
412,15185,12481,9689,14912,12310,9952,15200,12305,9889,14521,12125,9772
413,15170,12471,9694,14917,12315,9943,15185,12291,9879,14521,12125,9772
414,15161,12476,9708,14917,12315,9943,15175,12281,9874,14521,12125,9772
415,15151,12481,9723,14921,12310,9948,15170,12276,9869,14512,12125,9762
416,15146,12486,9733,14921,12310,9948,15175,12276,9865,14512,12125,9762
417,15141,12486,9738,14912,12315,9952,15170,12266,9869,14502,12125,9762
418,15141,12486,9738,14907,12315,9957,15170,12276,9884,14502,12120,9762
419,15131,12466,9728,14902,12315,9957,15170,12281,9889,14497,12110,9752
420,15117,12466,9743,14897,12315,9967,15165,12276,9874,14497,12110,9752
421,15117,12476,9752,14897,12330,9952,15161,12271,9869,14507,12110,9752
422,15112,12461,9743,14897,12330,9952,15156,12261,9860,14507,12110,9752
423,15097,12461,9757,14897,12330,9952,15151,12256,9845,14502,12110,9762
424,15097,12471,9767,14897,12330,9952,15170,12271,9869,14502,12110,9762
425,15092,12461,9762,14907,12334,9938,15170,12271,9869,14492,12100,9757
426,15087,12452,9757,14907,12334,9933,15161,12266,9865,14487,12100,9757
427,15087,12447,9752,14907,12325,9948,15161,12266,9865,14497,12115,9762
428,15087,12442,9747,14917,12310,9952,15165,12266,9869,14497,12115,9767
429,15073,12437,9757,14912,12300,9967,15165,12266,9869,14492,12110,9752
430,15058,12422,9757,14902,12310,9967,15156,12256,9860,14492,12110,9747
431,15068,12413,9738,14907,12310,9962,15156,12256,9850,14492,12110,9757
432,15078,12413,9728,14907,12315,9957,15151,12276,9860,14492,12110,9752
433,15058,12398,9733,14902,12320,9957,15156,12276,9869,14492,12105,9752
434,15058,12417,9752,14902,12320,9957,15161,12281,9874,14492,12105,9752
435,15068,12422,9747,14907,12310,9962,15161,12286,9889,14487,12095,9747
436,15058,12417,9752,14907,12310,9962,15161,12281,9874,14487,12105,9752
437,15053,12408,9747,14902,12315,9962,15165,12276,9874,14492,12105,9762
438,15053,12413,9752,14897,12310,9967,15170,12276,9874,14492,12105,9767
439,15053,12417,9757,14897,12300,9982,15170,12271,9874,14482,12105,9757
440,15043,12417,9767,14907,12310,9962,15180,12276,9879,14482,12105,9757
441,15039,12417,9772,14912,12315,9952,15180,12276,9879,14477,12100,9757
442,15039,12398,9752,14902,12315,9957,15175,12276,9879,14477,12100,9757
443,15034,12383,9743,14897,12320,9962,15175,12276,9874,14477,12100,9757
444,15024,12378,9747,14897,12325,9957,15165,12261,9869,14477,12095,9752
445,15034,12393,9752,14902,12320,9957,15156,12251,9860,14477,12095,9752
446,15034,12403,9762,14907,12330,9943,15146,12242,9855,14487,12100,9757
447,15024,12408,9777,14907,12330,9943,15131,12242,9855,14482,12090,9757
448,15014,12403,9782,14902,12325,9952,15141,12247,9860,14477,12090,9752
449,15024,12398,9767,14887,12320,9972,15141,12247,9855,14472,12090,9752
450,15024,12393,9762,14887,12334,9957,15141,12247,9855,14468,12090,9752
451,15019,12383,9757,14897,12330,9952,15141,12237,9855,14463,12081,9752
452,15024,12378,9747,14892,12325,9962,15131,12237,9850,14458,12081,9752
453,15029,12378,9743,14882,12320,9977,15136,12242,9855,14453,12081,9747
454,15034,12373,9733,14892,12320,9962,15136,12242,9850,14448,12081,9743
455,15053,12359,9699,14902,12325,9952,15136,12247,9845,14453,12071,9733
456,15039,12364,9718,14907,12320,9948,15141,12256,9860,14453,12071,9733
457,15034,12378,9738,14902,12315,9957,15146,12256,9860,14448,12066,9733
458,15029,12383,9747,14902,12320,9957,15151,12256,9860,14448,12066,9733
459,15024,12369,9738,14892,12320,9962,15156,12261,9860,14453,12081,9738
460,15004,12369,9757,14882,12325,9967,15146,12251,9860,14448,12081,9743
461,15014,12369,9747,14897,12325,9957,15146,12251,9860,14448,12081,9747
462,15014,12369,9747,14902,12330,9948,15146,12251,9860,14453,12081,9752
463,15014,12369,9747,14887,12325,9967,15146,12261,9860,14453,12071,9747
464,15034,12383,9743,14887,12325,9967,15146,12266,9860,14453,12071,9743
465,15043,12393,9743,14882,12334,9962,15180,12300,9889,14453,12061,9733
466,15029,12378,9743,14878,12339,9962,15209,12310,9904,14453,12061,9728
467,15029,12369,9733,14873,12339,9967,15229,12339,9913,14448,12061,9728
468,15019,12369,9743,14878,12330,9972,15268,12383,9928,14443,12061,9728
469,15014,12373,9752,14887,12325,9967,15302,12413,9943,14438,12061,9723
470,15014,12373,9752,14892,12325,9962,15331,12437,9977,14433,12061,9723
471,15019,12373,9747,14892,12325,9962,15341,12486,10030,14433,12066,9728
472,15009,12369,9752,14887,12325,9967,15356,12544,10104,14433,12071,9733
473,15000,12369,9762,14878,12334,9962,15361,12617,10196,14433,12076,9738
474,15000,12369,9762,14873,12349,9957,15375,12705,10309,14433,12086,9747
475,15009,12369,9752,14868,12354,9952,15385,12798,10450,14433,12076,9743
476,15019,12373,9747,14863,12354,9962,15351,12822,10582,14429,12076,9743
477,15014,12378,9757,14863,12349,9967,15268,12769,10665,14429,12076,9738
478,15014,12378,9757,14863,12339,9977,15175,12642,10694,14429,12076,9738
479,15009,12373,9757,14858,12344,9977,15058,12491,10675,14429,12061,9728
480,15014,12373,9752,14858,12339,9982,14936,12300,10645,14429,12061,9728
481,15014,12383,9762,14863,12339,9977,14838,12115,10597,14429,12061,9728
482,15019,12383,9757,14868,12344,9967,14731,11949,10514,14424,12056,9723
483,15019,12383,9757,14858,12369,9952,14614,11783,10367,14424,12047,9713
484,15014,12383,9762,14863,12369,9948,14541,11661,10201,14419,12047,9713
485,15014,12383,9762,14858,12364,9957,14507,11559,10016,14419,12047,9708
486,15014,12369,9747,14858,12364,9962,14507,11490,9796,14424,12047,9708
487,15009,12383,9767,14853,12364,9962,14531,11446,9577,14424,12056,9718
488,15019,12388,9762,14848,12364,9967,14541,11388,9347,14424,12056,9723
489,15019,12383,9757,14843,12354,9982,14512,11315,9172,14424,12056,9723
490,15019,12388,9762,14834,12369,9982,14536,11339,9142,14424,12061,9723
491,15024,12403,9772,14829,12369,9982,14629,11485,9240,14414,12061,9733
492,15019,12413,9786,14824,12369,9987,14707,11607,9328,14409,12042,9723
493,15000,12403,9796,14824,12373,9987,14731,11661,9367,14419,12051,9723
494,14995,12393,9791,14824,12373,9987,14775,11734,9425,14419,12051,9723
495,14995,12413,9811,14824,12373,9987,14809,11817,9474,14419,12051,9723
496,15000,12413,9806,14819,12383,9977,14824,11866,9503,14419,12051,9723
497,14985,12388,9796,14814,12393,9972,14882,11920,9547,14409,12051,9723
498,15004,12378,9767,14814,12393,9972,14956,12003,9601,14409,12051,9723
499,15009,12403,9786,14809,12393,9972,15019,12066,9660,14404,12051,9723
500,15009,12388,9772,14804,12403,9967,15073,12144,9738,14404,12051,9723
501,15009,12383,9767,14804,12398,9977,15117,12212,9796,14394,12047,9713
502,15019,12388,9762,14804,12398,9977,15151,12251,9830,14394,12042,9713
503,15000,12383,9777,14804,12398,9977,15161,12271,9855,14394,12037,9713
504,15000,12383,9777,14809,12388,9982,15161,12281,9869,14394,12032,9713
505,15014,12388,9767,14804,12383,9996,15165,12281,9865,14394,12037,9713
506,15019,12393,9767,14795,12393,9987,15161,12271,9855,14390,12037,9713
507,15019,12398,9772,14795,12393,9987,15161,12276,9855,14390,12042,9713
508,15009,12388,9772,14795,12393,9987,15161,12286,9865,14394,12042,9718
509,15014,12388,9767,14799,12403,9977,15165,12295,9865,14399,12042,9718
510,15014,12388,9767,14795,12408,9972,15185,12295,9865,14409,12042,9718
511,15014,12383,9762,14799,12413,9967,15190,12291,9865,14414,12042,9718
512,15009,12388,9772,14795,12417,9967,15190,12281,9860,14419,12042,9718
513,15004,12388,9777,14795,12408,9977,15180,12276,9860,14409,12037,9708
514,15004,12393,9782,14790,12413,9977,15190,12291,9869,14399,12032,9708
515,15009,12393,9777,14790,12413,9977,15190,12291,9869,14390,12027,9708
516,15014,12383,9762,14790,12408,9982,15190,12295,9874,14380,12027,9708
517,15019,12383,9757,14780,12413,9987,15190,12300,9879,14390,12037,9718
518,15029,12383,9747,14790,12413,9977,15204,12310,9894,14390,12037,9718
519,15043,12398,9747,14795,12408,9977,15204,12315,9894,14390,12037,9718
520,15024,12373,9743,14795,12403,9982,15204,12315,9894,14399,12042,9728
521,15019,12373,9747,14790,12393,9996,15204,12315,9894,14399,12047,9723
522,15014,12373,9752,14795,12388,10001,15204,12325,9894,14404,12047,9723
523,15000,12369,9762,14795,12388,10001,15200,12315,9884,14404,12047,9723
524,14990,12369,9772,14809,12388,9987,15195,12315,9884,14404,12047,9723
525,14995,12378,9777,14824,12373,9987,15195,12320,9884,14409,12047,9723
526,14995,12378,9777,14819,12364,9996,15200,12320,9894,14409,12051,9728
527,14995,12364,9762,14834,12359,9987,15200,12320,9894,14424,12061,9738
528,15004,12364,9752,14843,12339,9996,15209,12325,9894,14424,12061,9738
529,15004,12378,9767,14838,12320,10021,15219,12330,9894,14433,12081,9743
530,15004,12378,9767,14843,12320,10016,15219,12330,9899,14433,12071,9743
531,15004,12378,9767,14853,12320,10006,15219,12334,9904,14424,12066,9743
532,14995,12383,9782,14853,12325,10001,15219,12339,9923,14424,12066,9747
533,14995,12383,9782,14858,12334,9991,15214,12339,9928,14424,12056,9738
534,14995,12369,9767,14858,12325,9996,15204,12339,9933,14414,12051,9738
535,14995,12369,9767,14868,12320,9991,15204,12339,9933,14414,12051,9743
536,14990,12359,9762,14863,12334,9977,15204,12339,9938,14414,12051,9743
537,14990,12359,9762,14873,12330,9977,15204,12344,9943,14404,12037,9723
538,15000,12369,9762,14892,12320,9967,15214,12334,9943,14399,12032,9723
539,14990,12369,9772,14882,12310,9982,15214,12334,9943,14399,12042,9733
540,15000,12359,9752,14878,12320,9977,15214,12344,9948,14394,12037,9733
541,15004,12359,9747,14882,12325,9972,15219,12349,9952,14404,12047,9743
542,15004,12373,9762,14887,12325,9967,15219,12339,9952,14404,12047,9743
543,15000,12373,9767,14887,12320,9972,15219,12339,9948,14404,12042,9743
544,15009,12364,9747,14882,12320,9977,15214,12339,9948,14404,12042,9743
545,15014,12359,9738,14882,12310,9987,15214,12339,9948,14404,12032,9733
546,15014,12339,9718,14882,12310,9987,15214,12349,9952,14399,12027,9728
547,15014,12334,9713,14887,12325,9967,15214,12344,9957,14394,12022,9718
548,15000,12354,9747,14897,12330,9952,15219,12344,9972,14390,12007,9713
549,14995,12354,9752,14917,12320,9943,15219,12359,9982,14390,12027,9713
550,14990,12354,9757,14907,12325,9948,15214,12359,9972,14390,12027,9723
551,14985,12354,9762,14902,12325,9952,15214,12364,9972,14380,12022,9713
552,14995,12354,9752,14907,12315,9957,15214,12364,9972,14380,12022,9713
553,14980,12344,9757,14907,12300,9972,15209,12364,9972,14385,12037,9723
554,14980,12344,9757,14902,12310,9967,15209,12354,9972,14399,12047,9733
555,14985,12344,9752,14902,12310,9967,15204,12354,9972,14404,12056,9733
556,14985,12359,9767,14907,12305,9962,15200,12354,9972,14419,12061,9733
557,14990,12364,9767,14897,12310,9967,15195,12364,9977,14409,12047,9718
558,14990,12364,9767,14897,12310,9972,15204,12378,9977,14409,12042,9718
559,14990,12349,9752,14897,12310,9972,15204,12378,9982,14409,12042,9718
560,14990,12359,9762,14892,12330,9957,15204,12378,9982,14404,12042,9713
561,14990,12373,9777,14907,12315,9957,15209,12388,9982,14394,12032,9713
562,14990,12378,9782,14902,12310,9967,15204,12393,9991,14385,12027,9713
563,14990,12378,9782,14902,12310,9967,15209,12393,9991,14375,12022,9708
564,14990,12364,9767,14912,12320,9948,15209,12388,9991,14365,12012,9708
565,14990,12354,9757,14917,12310,9952,15214,12378,9991,14360,12012,9704
566,14990,12349,9752,14917,12325,9938,15209,12388,9982,14360,12012,9704
567,14995,12344,9743,14921,12330,9928,15214,12398,9991,14360,12007,9704
568,14990,12349,9752,14926,12334,9918,15214,12408,10011,14360,12003,9704
569,14985,12349,9757,14912,12325,9938,15209,12413,10011,14355,11998,9694
570,14980,12354,9767,14902,12320,9957,15200,12408,10006,14355,11998,9694
571,14975,12359,9777,14912,12305,9962,15200,12408,10006,14355,11998,9694
572,14975,12349,9767,14917,12300,9962,15209,12408,10016,14355,11998,9684
573,14980,12344,9757,14912,12305,9962,15209,12408,10021,14360,12003,9684
574,14985,12344,9752,14912,12300,9967,15204,12408,10021,14365,12007,9694
575,14990,12320,9723,14907,12305,9962,15204,12417,10021,14365,12007,9694
576,14975,12320,9738,14902,12315,9957,15204,12417,10030,14365,12007,9694
577,14980,12339,9752,14912,12310,9952,15200,12422,10030,14365,12007,9684
578,14995,12364,9762,14921,12305,9952,15195,12417,10030,14360,12007,9679
579,14975,12373,9791,14921,12305,9948,15195,12422,10035,14360,12007,9679
580,14970,12354,9777,14921,12320,9938,15200,12422,10035,14365,12007,9679
581,14980,12354,9767,14912,12320,9948,15200,12437,10045,14375,12017,9684
582,14995,12354,9752,14907,12315,9957,15209,12456,10060,14380,12017,9684
583,14995,12354,9752,14902,12315,9957,15209,12456,10065,14380,12017,9689
584,14995,12364,9762,14902,12315,9957,15209,12466,10070,14380,12007,9694
585,14995,12364,9762,14917,12305,9957,15214,12476,10074,14380,11998,9689
586,14980,12364,9777,14912,12300,9967,15214,12471,10079,14375,11993,9689
587,14980,12354,9767,14907,12305,9962,15219,12471,10079,14375,11993,9679
588,14990,12344,9747,14907,12305,9962,15209,12481,10084,14390,11988,9664
589,14995,12354,9752,14902,12305,9972,15200,12481,10084,14394,11988,9664
590,14995,12369,9767,14902,12305,9972,15200,12481,10084,14419,11998,9669
591,15000,12354,9747,14907,12315,9957,15204,12486,10089,14443,12017,9669
592,14985,12354,9762,14902,12300,9972,15214,12500,10104,14507,12071,9704
593,14980,12354,9767,14892,12305,9977,15219,12510,10113,14594,12154,9767
594,14980,12354,9767,14897,12310,9967,15214,12515,10113,14687,12242,9845
595,14980,12354,9767,14897,12310,9967,15214,12525,10123,14785,12334,9908
596,14980,12339,9752,14892,12310,9977,15209,12530,10128,14902,12447,9996
597,14980,12330,9743,14882,12330,9967,15209,12539,10128,15053,12583,10123
598,14990,12344,9747,14892,12320,9962,15219,12564,10143,15185,12725,10265
599,14990,12344,9747,14897,12325,9952,15219,12574,10162,15248,12827,10362
600,14970,12344,9767,14887,12320,9972,15219,12578,10172,15263,12861,10401
601,14970,12339,9762,14882,12315,9982,15219,12593,10182,15263,12881,10411
602,14970,12339,9762,14902,12310,9967,15209,12603,10187,15234,12861,10401
603,14960,12339,9772,14902,12330,9948,15204,12598,10187,15146,12788,10353
604,14970,12349,9772,14887,12315,9972,15200,12603,10192,15029,12705,10299
605,14980,12349,9762,14892,12334,9948,15200,12608,10196,14902,12593,10231
606,14980,12339,9752,14892,12334,9948,15200,12627,10211,14677,12413,10104
607,14980,12339,9752,14882,12339,9952,15195,12637,10226,14394,12169,9918
608,14990,12344,9747,14892,12320,9962,15195,12647,10235,14170,11968,9767
609,14990,12349,9752,14907,12305,9967,15195,12657,10250,14038,11846,9689
610,14990,12349,9752,14897,12320,9962,15190,12661,10270,13980,11803,9645
611,14995,12354,9752,14897,12325,9957,15190,12671,10274,13984,11793,9616
612,14995,12344,9743,14897,12325,9957,15190,12676,10274,14004,11793,9606
613,14990,12320,9723,14902,12330,9948,15190,12681,10274,14033,11793,9586
614,14990,12334,9738,14897,12334,9948,15185,12691,10284,14067,11812,9591
615,14995,12364,9762,14897,12334,9948,15180,12696,10284,14092,11832,9601
616,14985,12344,9752,14902,12334,9943,15170,12696,10289,14087,11812,9591
617,14985,12334,9743,14902,12330,9948,15165,12700,10294,14082,11803,9572
618,14985,12325,9733,14902,12325,9952,15151,12715,10309,14111,11822,9562
619,14985,12315,9723,14902,12320,9957,15151,12715,10323,14155,11832,9567
620,14975,12325,9743,14897,12325,9952,15151,12715,10323,14199,11861,9582
621,14980,12344,9757,14897,12310,9967,15151,12715,10323,14268,11905,9601
622,14980,12354,9767,14897,12310,9967,15146,12710,10328,14307,11929,9601
623,14980,12364,9777,14897,12315,9967,15141,12710,10328,14331,11934,9591
624,14985,12359,9767,14882,12320,9977,15131,12710,10323,14336,11944,9606
625,14985,12349,9757,14892,12320,9962,15126,12715,10323,14350,11973,9630
626,14980,12339,9752,14892,12320,9962,15112,12705,10318,14375,11998,9660
627,14980,12334,9747,14892,12320,9962,15107,12705,10323,14365,11993,9664
628,14985,12354,9762,14902,12315,9962,15107,12700,10323,14365,11988,9664
629,14990,12359,9762,14907,12320,9948,15107,12700,10318,14370,11983,9660
630,14995,12364,9762,14902,12325,9952,15117,12700,10314,14370,11978,9655
631,15000,12369,9762,14907,12325,9948,15117,12700,10309,14370,11968,9645
632,14980,12364,9777,14917,12334,9928,15117,12691,10309,14370,11968,9635
633,14975,12354,9772,14917,12339,9923,15112,12676,10304,14370,11964,9630
634,14970,12349,9772,14907,12330,9943,15112,12676,10289,14375,11964,9630
635,14965,12349,9777,14907,12325,9948,15112,12681,10289,14375,11968,9621
636,14946,12344,9791,14902,12325,9952,15112,12676,10279,14375,11968,9625
637,14956,12359,9796,14902,12334,9943,15112,12661,10270,14375,11964,9625
638,14956,12369,9806,14902,12334,9943,15112,12652,10255,14380,11964,9630
639,14956,12359,9796,14907,12344,9928,15122,12637,10245,14390,11964,9630
640,14970,12349,9772,14907,12344,9928,15122,12622,10221,14394,11964,9625
641,14970,12349,9772,14907,12339,9933,15122,12603,10196,14394,11959,9611
642,14970,12359,9782,14902,12344,9933,15122,12578,10162,14399,11959,9606
643,14970,12349,9772,14887,12349,9943,15126,12554,10143,14409,11968,9606
644,14970,12359,9782,14887,12344,9948,15126,12535,10128,14399,11964,9601
645,14970,12364,9786,14897,12349,9933,15126,12515,10109,14399,11964,9601
646,14970,12373,9796,14897,12349,9933,15136,12505,10084,14409,11968,9606
647,14970,12383,9806,14892,12334,9948,15136,12491,10070,14419,11968,9596
648,14975,12378,9796,14897,12325,9952,15136,12476,10055,14419,11968,9596
649,14975,12378,9796,14907,12325,9948,15141,12456,10040,14429,11973,9596
650,14975,12378,9796,14907,12330,9943,15151,12437,10021,14429,11973,9596
651,14975,12378,9796,14921,12334,9928,15151,12413,9996,14424,11968,9591
652,14975,12373,9791,14926,12330,9923,15146,12398,9972,14419,11964,9591
653,14975,12349,9767,14917,12330,9933,15146,12383,9957,14429,11968,9596
654,14975,12354,9772,14912,12330,9938,15146,12373,9928,14424,11964,9601
655,14975,12359,9777,14907,12334,9938,15146,12369,9923,14429,11964,9601
656,14975,12359,9777,14902,12334,9943,15146,12359,9923,14433,11968,9596
657,14980,12359,9772,14912,12330,9938,15136,12344,9908,14443,11973,9596
658,14980,12378,9791,14921,12320,9933,15146,12325,9889,14448,11978,9596
659,14975,12378,9796,14921,12320,9933,15146,12320,9884,14458,11968,9586
660,14975,12373,9791,14921,12325,9933,15146,12310,9869,14463,11968,9591
661,14975,12373,9791,14917,12325,9938,15146,12300,9850,14463,11968,9591
662,14975,12373,9791,14912,12325,9938,15136,12291,9830,14463,11973,9591
663,14975,12373,9791,14912,12325,9938,15126,12266,9816,14468,11978,9586
664,15004,12393,9782,14921,12334,9928,15136,12261,9796,14472,11978,9582
665,15004,12398,9786,14921,12334,9928,15136,12256,9791,14477,11978,9577
666,14995,12408,9806,14912,12325,9938,15136,12256,9791,14482,11978,9572
667,14995,12413,9811,14912,12325,9943,15136,12251,9791,14472,11973,9577
668,14990,12383,9786,14912,12325,9943,15131,12247,9772,14472,11973,9577
669,14985,12388,9796,14907,12320,9948,15126,12242,9762,14472,11973,9582
670,14985,12393,9801,14907,12320,9948,15117,12237,9757,14477,11973,9582
671,14990,12378,9782,14907,12320,9952,15122,12237,9757,14477,11973,9572
672,14980,12373,9786,14902,12320,9957,15122,12232,9757,14477,11968,9572
673,14980,12378,9791,14902,12339,9938,15117,12232,9747,14482,11968,9572
674,14985,12393,9801,14907,12344,9928,15117,12232,9747,14482,11968,9572
675,14985,12398,9806,14912,12344,9923,15117,12232,9747,14497,11959,9567
676,14965,12364,9791,14912,12349,9918,15117,12237,9747,14497,11959,9562
677,14965,12359,9786,14917,12359,9908,15122,12242,9757,14497,11964,9557
678,14965,12354,9782,14912,12354,9913,15122,12232,9733,14497,11968,9557
679,14951,12349,9791,14907,12349,9923,15122,12232,9733,14492,11959,9567
680,14936,12364,9821,14917,12359,9908,15122,12227,9733,14492,11959,9562
681,14931,12364,9826,14926,12334,9918,15126,12227,9728,14487,11954,9562
682,14931,12364,9826,14921,12334,9928,15117,12237,9723,14487,11954,9562
683,14931,12369,9830,14907,12339,9933,15122,12237,9713,14497,11964,9562
684,14946,12364,9811,14917,12320,9943,15126,12247,9723,14507,11964,9577
685,14946,12364,9811,14936,12305,9933,15136,12247,9723,14507,11964,9577
686,14946,12359,9806,14931,12315,9928,15126,12242,9718,14502,11964,9572
687,14941,12359,9811,14926,12330,9923,15122,12242,9718,14512,11973,9572
688,14941,12359,9811,14926,12330,9923,15122,12247,9718,14512,11973,9572
689,14941,12359,9811,14917,12334,9928,15122,12247,9718,14521,11978,9572
690,14946,12339,9786,14912,12330,9938,15122,12247,9704,14521,11978,9572
691,14946,12330,9777,14912,12310,9952,15122,12247,9699,14536,11978,9586
692,14941,12330,9782,14912,12310,9952,15131,12251,9699,14541,11978,9586
693,14941,12330,9782,14921,12334,9928,15131,12251,9699,14551,11983,9596
694,14941,12330,9782,14917,12334,9928,15126,12251,9713,14555,11983,9596
695,14936,12339,9796,14912,12330,9938,15126,12261,9713,14565,11973,9582
696,14936,12344,9801,14917,12344,9918,15126,12261,9713,14570,11978,9582
697,14936,12330,9786,14921,12334,9923,15126,12266,9713,14575,11978,9582
698,14936,12334,9791,14921,12334,9923,15136,12276,9713,14575,11978,9582
699,14936,12339,9796,14921,12339,9918,15136,12271,9713,14594,11983,9591
700,14931,12334,9796,14917,12344,9918,15136,12271,9713,14594,11983,9591
701,14926,12344,9811,14917,12339,9923,15141,12286,9713,14594,11983,9591
702,14921,12339,9811,14926,12339,9918,15136,12276,9713,14604,11993,9606
703,14912,12315,9796,14917,12334,9928,15136,12276,9708,14609,11993,9616
704,14926,12315,9782,14917,12330,9928,15141,12276,9708,14609,11993,9606
705,14931,12330,9791,14917,12325,9938,15141,12276,9708,14609,11993,9606
706,14941,12320,9772,14917,12330,9933,15136,12266,9699,14614,12003,9616
707,14946,12320,9767,14912,12330,9938,15136,12266,9699,14629,12017,9630
708,14951,12354,9796,14912,12325,9943,15141,12276,9699,14643,12017,9635
709,14931,12354,9816,14912,12325,9938,15141,12276,9699,14658,12027,9640
710,14921,12344,9816,14912,12339,9928,15141,12281,9704,14673,12027,9650
711,14931,12359,9821,14917,12344,9918,15146,12286,9704,14668,12022,9650
712,14902,12378,9869,14921,12349,9913,15156,12291,9704,14668,12027,9660
713,14868,12422,9948,14917,12344,9918,15165,12295,9708,14673,12032,9664
714,14926,12466,9933,14917,12344,9923,15161,12286,9704,14677,12037,9664
715,14965,12495,9923,14917,12344,9923,15156,12286,9699,14673,12027,9664
716,14956,12530,9967,14912,12344,9923,15151,12286,9689,14677,12027,9664
717,14980,12608,10021,14917,12364,9899,15136,12281,9669,14677,12032,9664
718,15048,12725,10070,14912,12325,9943,15136,12281,9669,14677,12037,9674
719,15082,12837,10148,14917,12315,9943,15141,12291,9684,14677,12042,9684
720,15102,12905,10196,14917,12349,9913,15141,12291,9684,14687,12047,9684
721,15122,12949,10221,14917,12334,9928,15141,12286,9674,14692,12047,9679
722,15117,12959,10235,14917,12334,9928,15141,12276,9674,14697,12051,9674
723,15126,12964,10231,14917,12334,9928,15141,12276,9669,14707,12056,9689
724,15170,12949,10172,14917,12334,9928,15141,12261,9660,14712,12066,9699
725,15195,12852,10050,14917,12320,9943,15136,12261,9669,14721,12071,9713
726,15200,12705,9899,14917,12320,9943,15141,12271,9669,14731,12081,9723
727,15204,12588,9777,14917,12320,9943,15146,12271,9669,14746,12090,9728
728,15200,12491,9684,14917,12320,9943,15156,12271,9669,14751,12095,9738
729,15161,12349,9582,14921,12330,9928,15161,12271,9664,14756,12100,9747
730,15122,12237,9508,14917,12330,9928,15151,12266,9664,14760,12115,9752
731,15107,12227,9513,14921,12334,9928,15141,12266,9660,14770,12110,9762
732,15068,12242,9567,14921,12334,9923,15131,12266,9650,14775,12115,9767
733,15029,12178,9542,14917,12339,9923,15126,12261,9650,14775,12120,9772
734,15024,12125,9494,14917,12339,9923,15117,12261,9635,14780,12125,9782
735,15019,12139,9513,14921,12334,9928,15117,12261,9635,14775,12120,9777
736,15000,12164,9557,14917,12330,9928,15117,12261,9635,14780,12120,9782
737,14995,12164,9562,14917,12330,9933,15112,12247,9616,14785,12125,9791
738,14980,12159,9572,14917,12330,9933,15122,12242,9611,14790,12134,9801
739,14941,12178,9630,14917,12330,9933,15122,12237,9611,14790,12134,9801
740,14946,12212,9660,14917,12330,9933,15112,12227,9591,14790,12139,9806
741,14975,12222,9640,14912,12334,9933,15112,12222,9591,14799,12144,9811
742,14946,12222,9669,14917,12334,9928,15126,12227,9601,14799,12149,9816
743,14917,12291,9767,14917,12334,9928,15126,12232,9606,14809,12154,9821
744,14936,12315,9772,14912,12334,9933,15122,12232,9601,14814,12154,9821
745,14936,12251,9708,14912,12315,9952,15122,12237,9606,14814,12154,9821
746,14926,12266,9733,14897,12320,9962,15126,12237,9596,14814,12164,9821
747,14931,12344,9806,14892,12315,9972,15126,12227,9596,14824,12173,9835
748,14921,12378,9850,14897,12320,9962,15126,12222,9596,14829,12178,9840
749,14892,12364,9865,14907,12320,9948,15126,12222,9591,14829,12183,9845
750,14907,12359,9845,14912,12325,9943,15122,12222,9582,14829,12183,9850
751,14917,12349,9826,14907,12320,9948,15117,12217,9577,14838,12178,9855
752,14907,12344,9830,14917,12330,9933,15112,12217,9567,14838,12183,9865
753,14897,12339,9835,14912,12325,9938,15112,12217,9567,14838,12188,9869
754,14907,12349,9835,14912,12325,9938,15112,12208,9567,14834,12193,9874
755,14902,12349,9840,14912,12325,9943,15112,12208,9562,14829,12183,9865
756,14902,12354,9845,14907,12320,9948,15102,12208,9562,14824,12178,9865
757,14907,12354,9840,14897,12334,9948,15102,12203,9562,14819,12169,9860
758,14897,12344,9840,14897,12334,9948,15102,12198,9567,14804,12154,9850
759,14887,12354,9860,14897,12334,9948,15102,12198,9557,14799,12139,9840
760,14878,12378,9894,14897,12334,9948,15102,12198,9557,14799,12139,9835
761,14868,12364,9889,14887,12339,9952,15102,12198,9552,14790,12129,9830
762,14878,12344,9860,14897,12349,9933,15092,12198,9542,14790,12125,9826
763,14878,12339,9855,14892,12344,9943,15092,12188,9542,14770,12105,9811
764,14887,12334,9840,14887,12339,9952,15097,12188,9538,14765,12090,9801
765,14887,12325,9830,14892,12344,9943,15097,12193,9533,14760,12081,9796
766,14882,12330,9840,14892,12349,9938,15097,12193,9528,14746,12056,9786
767,14882,12349,9860,14882,12339,9957,15097,12193,9528,14731,12051,9777
768,14882,12354,9865,14882,12334,9962,15097,12193,9528,14726,12047,9767
769,14873,12354,9874,14892,12325,9962,15097,12188,9518,14721,12042,9757
770,14878,12364,9879,14892,12325,9962,15082,12183,9503,14716,12032,9757
771,14887,12373,9879,14892,12325,9962,15082,12183,9503,14712,12037,9757
772,14892,12364,9865,14892,12325,9962,15082,12188,9503,14707,12032,9757
773,14902,12364,9855,14887,12339,9952,15078,12188,9494,14707,12027,9757
774,14892,12354,9855,14887,12339,9952,15082,12188,9503,14697,12017,9752
775,14892,12354,9855,14892,12325,9962,15087,12188,9503,14697,12012,9747
776,14887,12354,9860,14892,12325,9962,15092,12188,9503,14687,12012,9747
777,14887,12354,9860,14902,12344,9933,15097,12188,9503,14677,12003,9747
778,14887,12364,9869,14897,12334,9948,15097,12178,9494,14663,11993,9738
779,14887,12369,9874,14892,12330,9957,15097,12169,9484,14653,11978,9723
780,14892,12373,9874,14897,12339,9943,15092,12169,9484,14648,11973,9723
781,14897,12383,9879,14892,12349,9938,15092,12178,9484,14638,11968,9723
782,14887,12369,9874,14892,12349,9938,15102,12188,9494,14629,11954,9718
783,14887,12364,9869,14882,12349,9948,15102,12183,9489,14604,11954,9699
784,14887,12359,9865,14882,12349,9948,15102,12183,9489,14604,11949,9694
785,14887,12354,9860,14897,12334,9948,15102,12183,9489,14604,11949,9694
786,14892,12349,9850,14897,12334,9948,15097,12173,9489,14609,11944,9689
787,14902,12354,9845,14897,12334,9948,15092,12169,9479,14604,11939,9699
788,14907,12373,9860,14907,12320,9952,15087,12169,9479,14599,11934,9694
789,14897,12378,9874,14907,12315,9957,15087,12169,9474,14580,11934,9684
790,14887,12373,9879,14912,12310,9952,15092,12169,9484,14570,11929,9679
791,14897,12369,9865,14917,12315,9948,15092,12169,9484,14560,11920,9664
792,14897,12354,9850,14917,12315,9948,15087,12169,9484,14555,11905,9660
793,14897,12339,9835,14917,12320,9943,15087,12169,9489,14551,11895,9655
794,14917,12359,9835,14917,12320,9943,15087,12164,9479,14551,11890,9650
795,14917,12364,9840,14917,12325,9938,15087,12159,9479,14541,11905,9660
796,14907,12369,9855,14921,12320,9938,15087,12159,9474,14541,11905,9655
797,14907,12373,9860,14917,12330,9928,15092,12154,9474,14536,11905,9655
798,14907,12373,9860,14921,12334,9928,15082,12164,9484,14536,11905,9664
799,14902,12373,9865,14931,12349,9899,15078,12164,9484,14546,11915,9674
800,14892,12378,9879,14936,12359,9884,15078,12149,9474,14546,11915,9669
801,14887,12354,9860,14931,12334,9913,15078,12149,9474,14546,11915,9669
802,14892,12354,9855,14931,12330,9923,15078,12159,9469,14546,11915,9669
803,14902,12373,9865,14931,12320,9928,15078,12164,9474,14536,11900,9655
804,14912,12388,9869,14926,12305,9948,15078,12169,9474,14531,11895,9655
805,14921,12398,9869,14926,12320,9933,15078,12169,9464,14531,11895,9655
806,14912,12373,9855,14936,12330,9913,15068,12159,9460,14526,11890,9655
807,14907,12349,9835,14936,12330,9913,15068,12154,9460,14536,11895,9650
808,14902,12339,9830,14936,12330,9913,15068,12154,9464,14531,11890,9650
809,14897,12339,9835,14931,12339,9908,15068,12154,9464,14531,11890,9650
810,14897,12359,9855,14926,12330,9923,15058,12144,9460,14541,11890,9655
811,14907,12354,9840,14926,12330,9923,15058,12144,9460,14536,11900,9645
812,14897,12349,9845,14936,12334,9908,15058,12144,9455,14531,11895,9645
813,14897,12364,9860,14931,12330,9918,15063,12144,9455,14526,11895,9645
814,14912,12388,9869,14926,12325,9928,15063,12144,9464,14521,11895,9650
815,14912,12383,9865,14926,12334,9918,15063,12149,9464,14531,11895,9660
816,14912,12378,9860,14926,12334,9918,15063,12149,9464,14531,11895,9660
817,14912,12383,9865,14956,12339,9884,15063,12144,9460,14531,11895,9660
818,14917,12393,9869,14946,12315,9918,15053,12134,9460,14531,11895,9655
819,14917,12393,9869,14941,12295,9938,15053,12125,9450,14531,11905,9655
820,14917,12403,9879,14951,12305,9928,15063,12129,9455,14531,11905,9655
821,14921,12413,9884,14960,12286,9933,15073,12129,9460,14541,11905,9655
822,14917,12388,9865,14956,12256,9967,15063,12120,9445,14541,11905,9655
823,14912,12369,9850,14912,12261,10006,15063,12120,9440,14531,11900,9650
824,14912,12378,9860,14873,12251,10055,15063,12120,9435,14531,11895,9645
825,14907,12369,9855,14863,12237,10079,15063,12120,9430,14536,11895,9640
826,14912,12383,9865,14829,12251,10099,15053,12120,9430,14536,11895,9635
827,14926,12393,9860,14765,12261,10152,15053,12115,9430,14541,11900,9640
828,14931,12403,9865,14716,12251,10216,15053,12115,9430,14541,11905,9645
829,14926,12408,9874,14673,12237,10274,15048,12110,9430,14541,11910,9650
830,14936,12408,9865,14585,12222,10372,15058,12115,9440,14541,11915,9655
831,14936,12403,9860,14526,12198,10455,15063,12120,9440,14546,11905,9655
832,14936,12403,9860,14516,12193,10470,15063,12134,9440,14541,11905,9655
833,14936,12408,9865,14492,12217,10470,15063,12139,9440,14541,11905,9655
834,14931,12413,9874,14472,12247,10460,15053,12129,9430,14546,11905,9655
835,14936,12413,9869,14521,12291,10367,15053,12125,9425,14560,11915,9664
836,14931,12413,9874,14580,12369,10231,15053,12120,9425,14560,11915,9664
837,14926,12422,9889,14638,12437,10104,15053,12115,9425,14560,11915,9664
838,14936,12422,9879,14760,12481,9938,15053,12125,9440,14560,11915,9660
839,14936,12422,9879,14838,12535,9806,15058,12125,9440,14555,11910,9655
840,14946,12422,9869,14868,12559,9752,15058,12125,9440,14560,11905,9655
841,14946,12417,9865,14907,12549,9723,15063,12125,9440,14560,11900,9650
842,14946,12432,9879,14931,12520,9728,15063,12115,9430,14560,11895,9645
843,14946,12432,9879,14912,12520,9743,15063,12120,9425,14551,11895,9645
844,14965,12437,9865,14926,12530,9723,15063,12120,9420,14546,11895,9645
845,14965,12442,9869,14975,12544,9660,15068,12120,9420,14541,11895,9645
846,14965,12437,9865,14995,12530,9650,15058,12120,9411,14541,11895,9645
847,14965,12437,9865,14985,12500,9694,15058,12120,9411,14551,11900,9655
848,14970,12437,9860,14985,12486,9708,15058,12120,9411,14560,11905,9655
849,14970,12437,9860,14975,12481,9718,15063,12129,9416,14565,11910,9650
850,14970,12442,9865,14960,12452,9762,15068,12134,9416,14570,11915,9650
851,14985,12447,9855,14960,12408,9806,15082,12144,9420,14560,11905,9650
852,14990,12452,9855,14946,12393,9835,15087,12149,9430,14555,11905,9650
853,14990,12456,9860,14921,12398,9860,15097,12149,9430,14555,11905,9650
854,14995,12471,9869,14926,12393,9860,15097,12154,9420,14551,11900,9645
855,14995,12476,9874,14956,12359,9865,15097,12159,9430,14560,11890,9655
856,14995,12481,9879,14936,12349,9894,15107,12169,9440,14560,11890,9655
857,15004,12481,9869,14917,12359,9908,15112,12173,9440,14555,11890,9655
858,14995,12466,9865,14921,12364,9894,15112,12173,9450,14555,11890,9655
859,14995,12461,9860,14921,12354,9904,15102,12169,9450,14546,11881,9645
860,15000,12461,9855,14917,12369,9894,15087,12164,9440,14541,11876,9645
861,15009,12456,9840,14921,12359,9899,15082,12159,9435,14541,11876,9645
862,15019,12466,9840,14926,12349,9904,15073,12149,9440,14541,11876,9645
863,15024,12471,9840,14936,12334,9913,15058,12134,9430,14541,11876,9645
864,15029,12476,9840,14941,12325,9918,15048,12125,9425,14541,11881,9640
865,15024,12481,9850,14941,12315,9923,15043,12120,9420,14541,11881,9640
866,15019,12486,9860,14941,12315,9923,15039,12110,9411,14541,11885,9645
867,15029,12486,9850,14931,12320,9928,15034,12100,9411,14541,11876,9645
868,15024,12486,9855,14926,12315,9938,15034,12110,9420,14531,11871,9645
869,15019,12486,9860,14912,12305,9962,15034,12115,9420,14531,11871,9645
870,15029,12495,9860,14921,12310,9948,15034,12125,9420,14531,11871,9645
871,15039,12505,9860,14931,12325,9923,15034,12125,9420,14536,11881,9635
872,15043,12510,9860,14931,12325,9923,15034,12120,9416,14541,11881,9635
873,15053,12520,9860,14926,12334,9918,15034,12120,9406,14536,11881,9635
874,15048,12505,9850,14931,12334,9913,15043,12125,9411,14541,11876,9635
875,15043,12500,9850,14936,12334,9908,15043,12125,9411,14536,11876,9645
876,15034,12495,9855,14931,12330,9923,15034,12120,9406,14536,11876,9645
877,15024,12495,9865,14931,12330,9923,15034,12120,9406,14546,11876,9645
878,15024,12505,9874,14936,12320,9923,15039,12129,9420,14546,11876,9645
879,15014,12491,9869,14936,12305,9933,15039,12129,9420,14546,11866,9630
880,15009,12491,9874,14931,12305,9943,15029,12120,9411,14541,11866,9625
881,15004,12491,9879,14936,12310,9933,15029,12120,9401,14526,11856,9616
882,15009,12495,9879,14931,12315,9928,15043,12129,9411,14516,11856,9611
883,15004,12495,9884,14921,12325,9933,15048,12129,9420,14531,11871,9625
884,15004,12495,9884,14917,12330,9928,15053,12134,9425,14536,11871,9630
885,14995,12476,9874,14917,12330,9928,15053,12139,9440,14536,11866,9616
886,14990,12466,9869,14917,12334,9928,15053,12139,9416,14541,11866,9611
887,14990,12476,9879,14921,12334,9928,15058,12139,9416,14531,11861,9621
888,14985,12461,9869,14921,12330,9928,15063,12144,9416,14531,11856,9616
889,14970,12461,9884,14921,12330,9928,15063,12144,9416,14531,11846,9616
890,14965,12461,9889,14921,12325,9933,15063,12139,9420,14531,11842,9616
891,14956,12452,9889,14921,12325,9933,15063,12139,9420,14526,11832,9606
892,14946,12442,9889,14921,12325,9933,15058,12139,9420,14526,11842,9606
893,14941,12437,9889,14921,12325,9933,15058,12139,9416,14531,11842,9611
894,14951,12437,9879,14921,12325,9933,15053,12125,9411,14531,11842,9611
895,14936,12437,9894,14917,12334,9928,15048,12115,9401,14546,11846,9621
896,14921,12427,9899,14912,12339,9928,15043,12105,9396,14560,11851,9621
897,14931,12422,9884,14907,12334,9938,15034,12105,9396,14570,11851,9621
898,14931,12427,9889,14912,12320,9948,15043,12110,9391,14585,11856,9621
899,14912,12408,9889,14921,12320,9938,15043,12110,9386,14599,11856,9621
900,14912,12422,9904,14917,12325,9938,15043,12110,9386,14604,11851,9616
901,14921,12422,9894,14926,12325,9928,15043,12100,9386,14609,11851,9616
902,14907,12422,9908,14931,12325,9923,15053,12120,9386,14624,11856,9621
903,14897,12408,9904,14921,12325,9933,15058,12125,9396,14614,11851,9621
904,14892,12408,9908,14921,12325,9933,15058,12125,9396,14614,11846,9616
905,14887,12408,9913,14926,12315,9938,15058,12129,9396,14614,11842,9616
906,14892,12427,9928,14926,12315,9938,15058,12120,9401,14614,11837,9616
907,14892,12427,9928,14912,12334,9933,15058,12120,9401,14619,11842,9621
908,14897,12408,9904,14907,12334,9933,15058,12120,9401,14624,11846,9625
909,14897,12393,9889,14902,12330,9943,15058,12125,9401,14629,11851,9625
910,14878,12369,9884,14912,12344,9923,15058,12125,9401,14634,11856,9625
911,14887,12373,9879,14917,12334,9928,15058,12125,9401,14629,11846,9625
912,14887,12373,9879,14912,12325,9938,15058,12125,9401,14629,11846,9625
913,14878,12369,9884,14912,12320,9948,15058,12134,9401,14624,11842,9625
914,14878,12369,9884,14917,12315,9948,15068,12149,9420,14624,11842,9625
915,14887,12369,9874,14917,12320,9943,15092,12173,9440,14624,11851,9635
916,14887,12369,9874,14921,12330,9928,15102,12193,9425,14624,11856,9635
917,14882,12364,9874,14921,12330,9928,15122,12222,9435,14629,11861,9635
918,14882,12378,9889,14917,12325,9938,15190,12276,9479,14638,11866,9635
919,14882,12388,9899,14907,12325,9948,15234,12315,9503,14648,11866,9645
920,14882,12393,9904,14907,12339,9933,15244,12339,9528,14648,11866,9645
921,14897,12388,9884,14917,12334,9928,15253,12378,9591,14648,11856,9640
922,14887,12378,9884,14912,12330,9938,15268,12447,9664,14648,11856,9640
923,14887,12388,9894,14902,12334,9943,15273,12520,9767,14638,11851,9635
924,14887,12388,9894,14907,12334,9933,15278,12617,9899,14638,11846,9630
925,14887,12369,9874,14917,12334,9928,15268,12700,10050,14638,11842,9621
926,14858,12369,9904,14917,12330,9928,15204,12705,10172,14638,11837,9616
927,14868,12369,9894,14921,12325,9933,15112,12622,10255,14648,11842,9625
928,14868,12369,9894,14921,12325,9933,14980,12476,10294,14648,11846,9625
929,14868,12369,9894,14917,12320,9943,14834,12286,10274,14648,11851,9625
930,14878,12388,9904,14907,12320,9948,14741,12144,10265,14648,11861,9630
931,14887,12403,9908,14907,12339,9933,14653,11998,10226,14648,11851,9630
932,14873,12393,9913,14907,12349,9928,14507,11803,10123,14643,11851,9625
933,14873,12388,9908,14887,12344,9943,14370,11666,9996,14643,11851,9616
934,14882,12383,9894,14882,12349,9948,14307,11554,9840,14643,11851,9611
935,14878,12383,9899,14897,12334,9948,14272,11422,9616,14653,11851,9616
936,14878,12378,9894,14897,12330,9952,14282,11344,9367,14653,11856,9621
937,14882,12373,9884,14897,12320,9962,14326,11310,9147,14653,11861,9625
938,14882,12373,9884,14907,12300,9972,14316,11232,8928,14648,11861,9625
939,14873,12378,9899,14917,12315,9948,14326,11197,8791,14638,11856,9616
940,14873,12383,9904,14917,12320,9943,14409,11290,8820,14634,11851,9616
941,14882,12388,9899,14912,12325,9938,14512,11427,8898,14634,11846,9611
942,14892,12383,9884,14907,12330,9943,14560,11510,8957,14638,11842,9611
943,14887,12388,9894,14897,12330,9952,14604,11573,8986,14638,11851,9621
944,14887,12388,9894,14892,12339,9948,14648,11627,9025,14638,11851,9625
945,14882,12383,9894,14892,12339,9948,14673,11690,9064,14638,11851,9625
946,14878,12383,9899,14887,12334,9957,14726,11759,9113,14638,11856,9625
947,14878,12393,9908,14887,12334,9957,14814,11842,9186,14629,11846,9621
948,14882,12393,9904,14887,12334,9957,14887,11944,9269,14629,11846,9616
949,14882,12393,9904,14882,12344,9952,14960,12037,9338,14624,11842,9611
950,14878,12393,9908,14882,12349,9948,15024,12115,9396,14624,11842,9606
951,14878,12393,9908,14882,12344,9952,15068,12164,9435,14629,11846,9616
952,14878,12378,9894,14882,12344,9952,15073,12173,9450,14634,11846,9616
953,14873,12393,9913,14868,12364,9948,15053,12164,9445,14634,11846,9616
954,14873,12383,9904,14868,12359,9952,15063,12164,9450,14624,11842,9616
955,14873,12373,9894,14863,12344,9972,15078,12173,9455,14624,11832,9606
956,14873,12373,9894,14858,12339,9982,15073,12173,9445,14604,11822,9591
957,14878,12383,9899,14853,12339,9987,15073,12178,9445,14614,11832,9601
958,14897,12393,9889,14848,12334,9996,15073,12188,9455,14634,11856,9616
959,14882,12383,9894,14848,12349,9982,15078,12198,9455,14629,11846,9606
960,14882,12373,9884,14843,12364,9977,15087,12212,9460,14624,11846,9606
961,14887,12393,9899,14838,12369,9972,15092,12212,9464,14619,11846,9606
962,14897,12403,9899,14838,12369,9972,15092,12208,9464,14614,11846,9606
963,14878,12378,9894,14838,12359,9982,15082,12208,9469,14614,11837,9596
964,14892,12369,9869,14838,12359,9987,15082,12198,9464,14614,11837,9596
965,14892,12393,9894,14834,12354,9991,15082,12193,9460,14614,11837,9596
966,14882,12378,9889,14829,12364,9987,15082,12193,9460,14614,11837,9596
967,14882,12373,9884,14834,12373,9972,15082,12193,9460,14604,11827,9586
968,14892,12378,9879,14829,12378,9972,15097,12217,9484,14604,11827,9586
969,14873,12373,9894,14824,12388,9972,15097,12227,9484,14604,11827,9586
970,14873,12378,9899,14814,12398,9962,15097,12232,9484,14604,11827,9586
971,14887,12378,9884,14809,12388,9982,15097,12237,9484,14614,11837,9596
972,14892,12378,9879,14809,12388,9982,15097,12227,9484,14614,11837,9596
973,14892,12378,9879,14809,12388,9982,15092,12217,9474,14614,11837,9596
974,14892,12383,9884,14814,12378,9987,15087,12217,9474,14614,11837,9596
975,14897,12388,9884,14819,12383,9982,15087,12222,9474,14614,11837,9606
976,14897,12393,9889,14809,12393,9972,15092,12232,9484,14614,11837,9606
977,14897,12393,9889,14809,12393,9972,15092,12232,9484,14614,11837,9606
978,14902,12398,9889,14809,12393,9972,15102,12237,9484,14614,11837,9606
979,14897,12398,9894,14804,12388,9987,15112,12242,9484,14609,11827,9601
980,14897,12403,9899,14799,12388,9991,15112,12242,9489,14599,11827,9596
981,14902,12403,9894,14804,12383,9996,15112,12247,9494,14594,11827,9591
982,14897,12383,9879,14799,12378,10001,15112,12251,9513,14590,11827,9586
983,14892,12373,9874,14790,12383,10006,15107,12251,9518,14599,11832,9591
984,14892,12364,9865,14785,12393,10001,15117,12251,9513,14599,11837,9596
985,14897,12369,9865,14785,12398,9996,15117,12251,9513,14599,11842,9601
986,14887,12369,9874,14780,12398,10001,15117,12251,9518,14599,11842,9606
987,14892,12373,9874,14785,12398,9996,15117,12256,9523,14594,11842,9596
988,14897,12378,9874,14799,12393,9987,15117,12256,9523,14594,11846,9596
989,14892,12378,9879,14809,12388,9987,15117,12256,9523,14599,11846,9601
990,14897,12373,9869,14814,12378,9987,15117,12266,9528,14599,11846,9601
991,14907,12378,9865,14814,12373,9991,15122,12271,9533,14614,11846,9591
992,14912,12373,9855,14819,12369,9996,15126,12276,9538,14614,11846,9591
993,14917,12354,9830,14819,12369,9996,15131,12281,9538,14614,11846,9591
994,14917,12344,9821,14834,12369,9982,15131,12286,9542,14614,11846,9591
995,14917,12359,9835,14838,12369,9972,15136,12291,9547,14614,11846,9601
996,14917,12359,9835,14834,12364,9982,15126,12291,9547,14614,11846,9601
997,14917,12359,9835,14843,12364,9972,15126,12286,9547,14614,11851,9601
998,14907,12378,9865,14853,12349,9977,15131,12286,9557,14614,11851,9601
999,14907,12383,9869,14848,12334,9996,15131,12300,9562,14604,11851,9601
1000,14907,12373,9860,14853,12330,9996,15122,12295,9552,14604,11851,9601
1001,14907,12378,9865,14858,12330,9991,15126,12295,9552,14614,11856,9611
1002,14892,12359,9860,14858,12330,9991,15131,12291,9552,14614,11861,9616
1003,14892,12349,9850,14863,12320,9991,15131,12286,9552,14619,11871,9616
1004,14902,12349,9840,14873,12310,9996,15126,12291,9562,14619,11871,9616
1005,14892,12339,9840,14887,12300,9987,15126,12295,9562,14619,11871,9616
1006,14897,12349,9845,14887,12315,9972,15126,12300,9562,14624,11871,9616
1007,14907,12359,9845,14887,12325,9967,15126,12315,9567,14624,11871,9611
1008,14912,12383,9865,14907,12320,9952,15117,12310,9567,14638,11876,9621
1009,14912,12393,9874,14897,12315,9967,15117,12310,9572,14638,11871,9621
1010,14902,12383,9874,14887,12330,9957,15117,12310,9572,14638,11876,9621
1011,14907,12378,9865,14892,12330,9957,15122,12320,9572,14648,11881,9616
1012,14907,12359,9845,14902,12325,9952,15136,12334,9586,14638,11881,9611
1013,14907,12354,9840,14902,12315,9957,15141,12344,9591,14638,11885,9611
1014,14907,12354,9840,14902,12310,9967,15141,12349,9596,14638,11890,9611
1015,14907,12354,9840,14907,12295,9977,15146,12349,9601,14629,11881,9601
1016,14907,12354,9840,14912,12295,9972,15131,12339,9591,14629,11876,9606
1017,14907,12354,9840,14921,12305,9948,15136,12349,9601,14629,11871,9606
1018,14917,12364,9840,14936,12310,9933,15136,12359,9621,14624,11856,9596
1019,14902,12354,9845,14946,12310,9923,15131,12364,9621,14614,11846,9596
1020,14902,12354,9845,14941,12315,9923,15112,12364,9616,14619,11861,9606
1021,14907,12354,9840,14941,12315,9923,15112,12369,9616,14619,11861,9606
1022,14907,12354,9840,14946,12310,9923,15122,12373,9625,14619,11861,9606
1023,14912,12354,9835,14941,12300,9938,15122,12378,9630,14619,11851,9606
1024,14912,12349,9830,14931,12310,9938,15131,12388,9640,14619,11846,9606
1025,14912,12330,9811,14931,12305,9943,15136,12398,9640,14619,11846,9606
1026,14917,12334,9811,14931,12300,9943,15141,12398,9650,14624,11851,9611
1027,14921,12354,9826,14926,12310,9938,15141,12403,9650,14629,11861,9621
1028,14926,12364,9830,14926,12310,9943,15146,12417,9669,14634,11861,9616
1029,14931,12369,9830,14926,12310,9943,15146,12422,9674,14638,11851,9616
1030,14921,12354,9826,14921,12330,9928,15151,12422,9674,14643,11861,9616
1031,14921,12344,9816,14921,12330,9928,15151,12437,9684,14634,11851,9621
1032,14921,12339,9811,14917,12325,9938,15146,12442,9684,14624,11846,9606
1033,14926,12334,9801,14917,12325,9938,15141,12437,9684,14624,11846,9601
1034,14926,12334,9801,14926,12334,9918,15136,12442,9684,14624,11846,9596
1035,14926,12330,9796,14936,12305,9938,15136,12447,9684,14634,11842,9606
1036,14926,12330,9796,14931,12310,9938,15146,12461,9708,14634,11846,9606
1037,14926,12330,9796,14936,12305,9938,15161,12471,9718,14643,11846,9606
1038,14921,12344,9816,14936,12300,9943,15161,12491,9733,14634,11842,9601
1039,14921,12354,9826,14926,12320,9933,15161,12500,9743,14638,11842,9611
1040,14921,12369,9840,14921,12325,9933,15165,12520,9747,14643,11846,9611
1041,14921,12359,9830,14936,12320,9923,15165,12525,9757,14643,11851,9606
1042,14912,12334,9816,14946,12330,9908,15170,12539,9777,14648,11851,9596
1043,14921,12339,9811,14941,12310,9928,15170,12549,9791,14648,11842,9586
1044,14941,12349,9801,14941,12300,9938,15161,12544,9796,14648,11842,9582
1045,14926,12344,9811,14936,12300,9943,15165,12554,9811,14648,11837,9582
1046,14921,12339,9811,14931,12300,9943,15165,12559,9821,14638,11827,9577
1047,14931,12344,9806,14931,12310,9938,15170,12569,9826,14624,11822,9572
1048,14946,12349,9796,14936,12305,9938,15170,12593,9840,14619,11812,9567
1049,14946,12354,9801,14931,12310,9938,15170,12603,9860,14614,11803,9562
1050,14946,12354,9801,14926,12325,9928,15170,12608,9869,14609,11793,9557
1051,14946,12354,9801,14921,12310,9948,15170,12622,9879,14619,11803,9557
1052,14931,12354,9816,14921,12300,9957,15185,12642,9904,14619,11803,9557
1053,14931,12344,9806,14926,12295,9957,15185,12647,9913,14619,11803,9547
1054,14926,12325,9791,14931,12286,9957,15185,12661,9928,14624,11807,9547
1055,14926,12334,9801,14936,12295,9948,15190,12676,9943,14634,11812,9562
1056,14921,12349,9821,14931,12291,9957,15185,12686,9957,14638,11812,9567
1057,14921,12334,9806,14926,12295,9952,15175,12696,9972,14643,11812,9572
1058,14936,12349,9806,14926,12295,9952,15170,12705,9982,14648,11812,9577
1059,14941,12354,9806,14921,12315,9943,15165,12715,9996,14643,11803,9562
1060,14951,12359,9801,14926,12315,9938,15161,12720,10021,14643,11803,9562
1061,14960,12364,9796,14936,12325,9918,15161,12730,10030,14648,11803,9562
1062,14931,12339,9801,14931,12315,9928,15161,12735,10035,14648,11803,9562
1063,14941,12320,9772,14921,12320,9938,15161,12739,10040,14643,11803,9547
1064,14965,12344,9772,14921,12320,9933,15170,12749,10060,14653,11803,9547
1065,14956,12344,9782,14921,12320,9938,15170,12754,10070,14643,11803,9557
1066,14946,12344,9791,14912,12315,9952,15165,12754,10084,14653,11803,9552
1067,14936,12344,9801,14907,12320,9952,15165,12759,10099,14677,11817,9562
1068,14926,12344,9811,14921,12305,9948,15151,12769,10109,14677,11798,9562
1069,14931,12354,9816,14931,12310,9938,15151,12774,10128,14653,11793,9547
1070,14941,12364,9816,14926,12300,9952,15151,12779,10133,14658,11793,9528
1071,14946,12364,9811,14917,12305,9957,15151,12783,10138,14663,11793,9523
1072,14951,12364,9806,14936,12300,9943,15136,12783,10138,14658,11783,9523
1073,14951,12354,9796,14936,12320,9928,15131,12779,10143,14702,11817,9547
1074,14946,12339,9786,14921,12305,9948,15122,12774,10143,14780,11861,9582
1075,14936,12325,9782,14931,12315,9933,15117,12774,10148,14834,11910,9611
1076,14931,12315,9777,14931,12315,9928,15122,12774,10167,14902,11973,9664
1077,14931,12344,9806,14926,12325,9928,15117,12774,10177,15009,12066,9743
1078,14931,12349,9811,14936,12305,9933,15117,12769,10182,15141,12183,9830
1079,14931,12354,9816,14936,12305,9933,15117,12769,10182,15302,12334,9943
1080,14931,12359,9821,14926,12320,9933,15117,12759,10192,15444,12486,10070
1081,14917,12354,9830,14921,12320,9933,15117,12759,10192,15527,12598,10167
1082,14917,12344,9821,14921,12320,9938,15117,12749,10196,15585,12657,10235
1083,14917,12339,9816,14926,12310,9943,15112,12735,10196,15614,12696,10274
1084,14917,12339,9816,14921,12315,9943,15112,12730,10192,15614,12700,10294
1085,14897,12330,9826,14921,12315,9943,15112,12730,10192,15556,12666,10279
1086,14907,12339,9826,14926,12315,9938,15112,12720,10182,15458,12593,10231
1087,14907,12344,9830,14921,12320,9938,15112,12700,10172,15322,12491,10152
1088,14907,12330,9816,14921,12315,9943,15122,12681,10172,15136,12334,10045
1089,14902,12344,9835,14921,12310,9948,15131,12666,10167,14863,12125,9894
1090,14902,12359,9850,14917,12315,9943,15131,12652,10148,14575,11905,9738
1091,14902,12383,9874,14926,12310,9938,15131,12632,10128,14370,11744,9635
1092,14902,12388,9879,14931,12300,9943,15122,12627,10118,14268,11656,9577
1093,14912,12373,9855,14936,12295,9948,15126,12603,10104,14248,11617,9538
1094,14912,12364,9845,14926,12291,9962,15126,12583,10094,14268,11617,9508
1095,14912,12359,9840,14946,12295,9938,15126,12564,10079,14272,11598,9484
1096,14912,12354,9835,14946,12300,9928,15136,12544,10074,14297,11598,9474
1097,14917,12369,9845,14946,12310,9923,15136,12530,10060,14341,11617,9474
1098,14917,12369,9845,14956,12310,9918,15136,12515,10045,14375,11627,9474
1099,14917,12369,9845,14951,12291,9933,15141,12495,10030,14385,11637,9474
1100,14917,12369,9845,14941,12291,9948,15131,12491,10030,14429,11676,9489
1101,14907,12359,9845,14941,12286,9952,15131,12471,10016,14492,11715,9503
1102,14907,12339,9826,14946,12291,9943,15126,12461,10001,14551,11749,9513
1103,14907,12349,9835,14941,12310,9928,15126,12452,9996,14609,11783,9533
1104,14907,12359,9845,14931,12310,9938,15136,12432,9987,14634,11788,9542
1105,14907,12359,9845,14931,12315,9933,15136,12427,9982,14638,11778,9538
1106,14912,12359,9840,14926,12320,9933,15136,12417,9982,14643,11778,9533
1107,14912,12378,9860,14921,12310,9948,15126,12403,9967,14668,11803,9552
1108,14907,12378,9865,14921,12310,9948,15117,12383,9952,14663,11803,9557
1109,14917,12393,9869,14926,12320,9933,15117,12378,9952,14658,11803,9557
1110,14917,12393,9869,14926,12320,9933,15117,12369,9943,14658,11803,9552
1111,14917,12393,9869,14936,12305,9933,15117,12359,9928,14653,11803,9547
1112,14917,12393,9869,14941,12310,9928,15107,12364,9923,14663,11793,9533
1113,14931,12393,9855,14931,12315,9928,15097,12344,9923,14663,11793,9528
1114,14926,12388,9855,14941,12310,9928,15107,12344,9918,14663,11788,9528
1115,14912,12388,9869,14951,12305,9928,15107,12344,9928,14668,11788,9533
1116,14907,12383,9869,14946,12310,9923,15107,12344,9938,14668,11783,9533
1117,14912,12378,9860,14941,12300,9938,15107,12339,9938,14668,11783,9538
1118,14907,12388,9874,14941,12295,9938,15102,12334,9918,14668,11778,9538
1119,14907,12398,9884,14936,12305,9938,15097,12330,9908,14673,11778,9542
1120,14912,12388,9869,14931,12310,9938,15107,12325,9908,14668,11788,9547
1121,14912,12373,9855,14941,12315,9923,15112,12325,9913,14668,11788,9547
1122,14912,12369,9850,14941,12315,9923,15112,12320,9918,14663,11783,9538
1123,14917,12373,9850,14936,12315,9928,15107,12320,9913,14663,11783,9538
1124,14917,12369,9845,14941,12315,9923,15107,12320,9918,14682,11783,9538
1125,14907,12359,9845,14941,12320,9918,15107,12320,9923,14673,11778,9533
1126,14907,12359,9845,14946,12320,9913,15107,12325,9928,14673,11778,9533
1127,14907,12359,9845,14946,12320,9913,15112,12330,9943,14682,11783,9538
1128,14892,12359,9860,14956,12310,9913,15122,12330,9933,14682,11783,9547
1129,14878,12369,9884,14956,12310,9913,15122,12330,9938,14682,11783,9547
1130,14873,12364,9884,14956,12315,9908,15122,12325,9943,14692,11788,9547
1131,14873,12359,9879,14941,12320,9918,15126,12325,9943,14692,11788,9547
1132,14873,12359,9879,14936,12320,9923,15126,12330,9948,14697,11783,9533
1133,14887,12354,9860,14936,12320,9923,15131,12334,9948,14702,11778,9533
1134,14887,12354,9860,14946,12330,9908,15136,12349,9967,14721,11783,9538
1135,14887,12349,9855,14956,12325,9904,15146,12354,9977,14726,11778,9542
1136,14882,12349,9860,14946,12315,9918,15131,12344,9972,14731,11773,9523
1137,14878,12354,9869,14946,12315,9923,15122,12339,9972,14736,11773,9518
1138,14873,12359,9879,14946,12315,9923,15117,12339,9972,14746,11773,9518
1139,14873,12344,9865,14946,12315,9923,15112,12334,9972,14751,11773,9518
1140,14868,12339,9865,14946,12315,9918,15122,12344,9982,14756,11783,9528
1141,14868,12339,9865,14946,12315,9918,15122,12344,9982,14765,11783,9533
1142,14873,12339,9860,14946,12320,9913,15131,12349,9987,14770,11783,9533
1143,14878,12339,9855,14951,12325,9904,15131,12349,9991,14775,11788,9533
1144,14878,12349,9865,14951,12330,9899,15126,12349,10001,14780,11793,9533
1145,14878,12349,9865,14951,12330,9899,15126,12359,10006,14785,11793,9533
1146,14878,12330,9845,14951,12330,9899,15126,12359,10011,14790,11793,9533
1147,14878,12330,9845,14956,12310,9918,15126,12364,10016,14795,11793,9533
1148,14878,12330,9845,14951,12305,9923,15126,12373,10021,14804,11798,9528
1149,14863,12325,9855,14946,12300,9928,15126,12369,10026,14804,11798,9528
1150,14858,12334,9869,14956,12310,9918,15126,12369,10030,14804,11798,9533
1151,14853,12330,9869,14965,12305,9913,15131,12383,10035,14809,11798,9533
1152,14843,12305,9855,14956,12310,9918,15136,12383,10050,14809,11788,9533
1153,14848,12315,9860,14936,12320,9923,15136,12383,10050,14809,11783,9533
1154,14853,12330,9869,14946,12305,9928,15141,12383,10055,14814,11783,9533
1155,14863,12320,9850,14960,12305,9913,15141,12383,10060,14814,11783,9533
1156,14868,12320,9845,14951,12320,9908,15136,12383,10065,14829,11778,9523
1157,14873,12344,9865,14941,12339,9899,15136,12383,10070,14829,11773,9523
1158,14873,12325,9845,14941,12344,9894,15141,12393,10074,14829,11773,9523
1159,14843,12334,9884,14951,12334,9894,15141,12393,10079,14829,11773,9528
1160,14824,12349,9918,14956,12330,9894,15146,12393,10079,14848,11778,9538
1161,14795,12330,9928,14965,12310,9904,15146,12393,10084,14853,11783,9533
1162,14760,12305,9938,14970,12310,9899,15151,12393,10089,14853,11783,9533
1163,14760,12320,9952,14965,12330,9884,15156,12393,10099,14858,11788,9533
1164,14780,12378,9991,14960,12320,9899,15151,12388,10109,14868,11798,9538
1165,14770,12422,10045,14951,12305,9923,15146,12383,10109,14878,11798,9547
1166,14775,12442,10060,14956,12310,9913,15141,12378,10104,14878,11798,9542
1167,14814,12461,10040,14946,12315,9918,15126,12369,10089,14873,11798,9533
1168,14838,12544,10099,14946,12315,9918,15136,12378,10089,14873,11793,9523
1169,14848,12661,10206,14946,12320,9913,15141,12388,10113,14873,11788,9523
1170,14887,12754,10260,14941,12325,9913,15141,12388,10123,14882,11788,9523
1171,14921,12832,10304,14946,12315,9918,15141,12383,10123,14882,11783,9523
1172,14941,12915,10367,14951,12320,9913,15131,12383,10123,14873,11783,9518
1173,14965,12969,10396,14936,12320,9928,15131,12383,10118,14873,11783,9518
1174,15000,12969,10362,14931,12315,9928,15131,12369,10109,14878,11788,9528
1175,15004,12910,10299,14946,12300,9928,15126,12369,10118,14878,11788,9528
1176,15000,12832,10226,14956,12310,9918,15136,12369,10128,14882,11788,9523
1177,15024,12754,10123,14960,12315,9908,15136,12369,10128,14892,11793,9523
1178,15024,12622,9991,14970,12310,9904,15141,12369,10128,14902,11793,9523
1179,14965,12461,9889,14965,12305,9913,15141,12369,10123,14907,11793,9523
1180,14941,12364,9816,14941,12339,9904,15141,12373,10133,14917,11793,9523
1181,14951,12291,9733,14956,12310,9918,15141,12373,10128,14917,11788,9523
1182,14912,12217,9699,14965,12310,9904,15141,12373,10118,14917,11783,9523
1183,14868,12183,9708,14956,12320,9904,15146,12369,10118,14926,11788,9538
1184,14863,12178,9708,14956,12315,9908,15146,12378,10118,14931,11798,9547
1185,14843,12193,9743,14951,12315,9913,15146,12378,10123,14931,11798,9538
1186,14838,12164,9718,14951,12310,9918,15146,12378,10128,14931,11798,9538
1187,14863,12139,9669,14956,12315,9908,15141,12364,10113,14936,11807,9547
1188,14863,12159,9689,14946,12315,9918,15131,12359,10113,14931,11812,9547
1189,14829,12173,9738,14946,12315,9918,15131,12354,10118,14936,11812,9547
1190,14829,12164,9728,14946,12315,9918,15122,12344,10104,14941,11822,9547
1191,14838,12222,9777,14941,12330,9908,15122,12339,10109,14946,11822,9552
1192,14809,12251,9835,14941,12334,9904,15131,12354,10118,14941,11822,9552
1193,14790,12198,9801,14946,12330,9904,15136,12359,10123,14941,11822,9562
1194,14819,12232,9806,14946,12330,9904,15136,12359,10118,14946,11822,9567
1195,14819,12315,9889,14946,12315,9923,15141,12364,10123,14951,11822,9567
1196,14804,12305,9894,14946,12315,9923,15146,12364,10133,14956,11822,9557
1197,14824,12291,9860,14946,12315,9923,15146,12354,10133,14960,11822,9557
1198,14834,12305,9865,14946,12315,9923,15146,12349,10133,14960,11827,9557
1199,14834,12310,9869,14951,12315,9913,15146,12349,10128,14960,11832,9567
